1 Hotel South Beach|HTTP 404
7Pines Resort Ibiza|HTTP 404
7Pines Resort Sardinia|HTTP 404
Abaton Island Resort & Spa|HTTP 404
Acqualina Resort & Residences on the Beach|HTTP 404
Airelles Saint-Tropez, Pan Dei Palais|HTTP 404
Airelles Saint Tropez, Chateau de la Messardiere|HTTP 404
Airelles, Val d'Isere|HTTP 404
Alila Mayakoba|HTTP 404
Al Maha, a Luxury Collection Desert Resort & Spa, Dubai|HTTP 404
AlpenGold Hotel Davos|HTTP 404
Alpes Hotel du Pralong|HTTP 404
Amanbagh|HTTP 404
Amandari|HTTP 404
Amanemu|HTTP 404
Amanera|HTTP 404
Amangani|HTTP 404
Amangiri|HTTP 404
Amanjena|HTTP 404
Amanjiwo|HTTP 404
Aman Kyoto|HTTP 404
Aman New York|HTTP 404
Amanoi|HTTP 404
Amanpulo|HTTP 404
Amantaka|HTTP 404
Aman Venice|HTTP 404
Amanwella|HTTP 404
Amanyara|HTTP 404
Ambiente Sedona, A Landscape Hotel|HTTP 404
Anantara Convento di Amalfi Grand Hotel|HTTP 404
Anantara Golden Triangle Elephant Camp & Resort|HTTP 404
Anantara Kihavah Maldives Villas|HTTP 404
Anantara Peace Haven Tangalle Resort|HTTP 404
Anantara Siam Bangkok Hotel|HTTP 404
Anantara Villa Padierna Palace - Benahavis Marbella Resort|HTTP 404
Anantara World Islands Dubai Resort|HTTP 404
Anassa|HTTP 404
Andaz Bali|HTTP 404
Andaz Tokyo Toranomon Hills|HTTP 404
ARIA Sky Suites|HTTP 404
Arizona Biltmore, LXR Hotels & Resorts|HTTP 404
Aurora Anguilla Resort & Golf Club|HTTP 404
Awasi Iguazu Relais & Chateaux|HTTP 404
Awasi Patagonia Relais & Chateaux|HTTP 404
Awasi Santa Catarina Relais & Chateaux|HTTP 404
Badrutt's Palace Hotel|HTTP 404
Baglioni Hotel Luna|HTTP 404
Baglioni Hotel Regina|HTTP 404
Banwa Private Island|HTTP 404
Banyan Tree AlUla|HTTP 404
Beach Village at The Del, LXR Hotels & Resorts|HTTP 404
Beau-Rivage, Geneva|HTTP 404
Beaverbrook|HTTP 404
Bellevue Palace|HTTP 404
BEYOND by Geisel|HTTP 404
Birkenhead House|HTTP 404
BISHA, a Luxury Collection Hotel, Toronto|HTTP 404
Borgo Pignano Tuscany|HTTP 404
Botanique Hotel Experience|HTTP 404
Breidenbacher Hof|HTTP 404
Brown's Hotel, a Rocco Forte Hotel|HTTP 404
Buahan, A Banyan Tree Escape|HTTP 404
Bungalows at The Boca Raton|HTTP 404
Burgenstock Hotel and Alpine Spa|HTTP 404
Bvlgari Hotel Milano|HTTP 404
Bvlgari Hotel Roma|HTTP 404
Bvlgari Hotel Shanghai|HTTP 404
Bvlgari Hotel Tokyo|HTTP 404
Bvlgari Resort Bali|HTTP 404
Cala de Mar Resort & Spa Ixtapa|HTTP 404
Cala di Volpe, a Luxury Collection Hotel, Costa Smeralda|HTTP 404
Capella Sydney|HTTP 404
Capelongue, a Beaumier Hotel & Spa|HTTP 404
Cap Estel|HTTP 404
Cap Maison Resort & Spa|HTTP 404
Capri Tiberio Palace|HTTP 404
Carlton Hotel St. Moritz|HTTP 404
Carmel Charme Resort|HTTP 404
Caruso, A Belmond Hotel, Amalfi Coast|HTTP 404
Casa Angelina|HTTP 404
Casa de Campo Resort & Villas|HTTP 404
Casadelmar|HTTP 404
Ca' Sagredo Hotel|HTTP 404
Castel Badia|HTTP 404
Castelfalfi|HTTP 404
Castello Banfi - Il Borgo|HTTP 404
Castiglion del Bosco, A Rosewood Hotel|HTTP 404
Chateau d'Audrieu|HTTP 404
Chateau de Fonscolombe|HTTP 404
Chateau de La Barre|HTTP 404
Chateau de la Chevre d'Or|HTTP 404
Cheval Blanc Courchevel|HTTP 404
Cheval Blanc Paris|HTTP 404
Cheval Blanc Randheli, Maldives|HTTP 404
Cheval Blanc St-Barth|HTTP 404
Chewton Glen|HTTP 404
Château Sainte Sabine|HTTP 404
Clinique La Prairie|HTTP 404
Cobblers Cove|HTTP 404
COMO Maalifushi|HTTP 404
Conrad Dublin|HTTP 404
Conrad Osaka|HTTP 404
Convento do Espinheiro Hotel|HTTP 404
Copacabana Palace, A Belmond Hotel, Rio de Janeiro|HTTP 404
Coral Sands|HTTP 404
Country Club Lima Hotel|HTTP 404
Cour des Loges|HTTP 404
Cristalino Lodge|HTTP 404
Crossbasket Castle|HTTP 404
Culloden Estate and Spa|HTTP 404
Daios Cove|HTTP 404
Dan Tel Aviv|HTTP 404
David InterContinental Tel Aviv|HTTP 404
D Maris Bay|HTTP 404
Domaine des Etangs, Auberge Collection|HTTP 404
Domes Miramare, a Luxury Collection Resort, Corfu|HTTP 404
Dromoland Castle|HTTP 404
El Encanto, Santa Barbara|HTTP 404
Ellerman House|HTTP 404
Elounda Gulf Villas|HTTP 404
Emirates Palace Mandarin Oriental, Abu Dhabi|HTTP 404
Estancia Vik Jose Ignacio|HTTP 404
EUPHORIA RETREAT|HTTP 404
Excelsior Hotel Ernst|HTTP 404
Explora Patagonia National Park|HTTP 404
Explora Uyuni|HTTP 404
Fairmont Empress|HTTP 404
Fairmont Miramar Hotel & Bungalows|HTTP 404
Fairmont Mount Kenya Safari Club|HTTP 404
Fairmont Orchid|HTTP 404
Fairmont Pacific Rim|HTTP 404
Fairmont Royal Pavilion|HTTP 404
Fairmont Tazi Palace Tangier|HTTP 404
Fairmont The Norfolk|HTTP 404
Fairmont The Queen Elizabeth|HTTP 404
Fairmont Waterfront|HTTP 404
Fasano Punta del Este|HTTP 404
Fleur de Loire|HTTP 404
Fogo Island Inn|HTTP 404
Four Seasons Hotel at The Surf Club|HTTP 404
Four Seasons Hotel Cairo at Nile Plaza|HTTP 404
Four Seasons Hotel Cairo, at The First Residence|HTTP 404
Four Seasons Hotel Chicago|HTTP 404
Four Seasons Hotel Hangzhou at West Lake|HTTP 404
Four Seasons Hotel Istanbul at the Bosphorus|HTTP 404
Four Seasons Hotel Milano|HTTP 404
Four Seasons Hotel San Francisco at Embarcadero|HTTP 404
Four Seasons Resort Bora Bora|HTTP 404
Four Seasons Resort Megeve|HTTP 404
Four Seasons Resort The Nam Hai, Hoi An, Vietnam|HTTP 404
Four Seasons Resort Vail|HTTP 404
Grand Hotel Fasano|HTTP 404
Grand Hotel Minerva|HTTP 404
Grand Hotel Principe di Piemonte|HTTP 404
Grand Hotel Timeo, A Belmond Hotel, Taormina|HTTP 404
Grand Hyatt Indian Wells Resort & Villas|HTTP 404
Grand Hyatt Tokyo|HTTP 404
Grand Hyatt Vail|HTTP 404
Grand Resort Bad Ragaz|HTTP 404
Grand Velas Los Cabos|HTTP 404
Great Fosters|HTTP 404
Helvetia & Bristol Firenze|HTTP 404
Herdade da Malhadinha Nova|HTTP 404
Hotel Adlon Kempinski Berlin|HTTP 404
Hotel Alfonso XIII, a Luxury Collection Hotel, Seville|HTTP 404
Hotel Bardo Savannah|HTTP 404
Hotel Barriere Le Grand Hotel Dinard|HTTP 404
Hotel Boutique Casa Colonial Beach & Spa|HTTP 404
Hotel Bristol, a Luxury Collection Hotel, Warsaw|HTTP 404
Hotel Byblos St. Tropez|HTTP 404
Hotel Byron|HTTP 404
Hotel Café Royal, London|HTTP 404
Hotel Casa Pestagua|HTTP 404
Hotel Chais Monnet & Spa|HTTP 404
Hotel Crillon le Brave|HTTP 404
Hotel Danieli, Venice|HTTP 404
Hotel de la Cité Carcassonne – MGallery Collection|HTTP 404
Hotel de Paris Monte-Carlo|HTTP 404
Hotel d'Inghilterra, Starhotels Collezione|HTTP 404
Hotel Eden Roc|HTTP 404
Hotel Esencia|HTTP 404
Hotel Fasano Angra dos Reis|HTTP 404
Hotel Fasano Sao Paulo Itaim|HTTP 404
Hotel Fasano Trancoso|HTTP 404
Hotel Goldener Hirsch, a Luxury Collection Hotel, Salzburg|HTTP 404
Hotel Jackson|HTTP 404
Hotel Kamp|HTTP 404
Hotel Lungarno|HTTP 404
Hotel Marques de Riscal, a Luxury Collection Hotel, Elciego|HTTP 404
Hotel Martinez|HTTP 404
Hotel Nassauer Hof|HTTP 404
Hotel Pitrizza|HTTP 404
Hotel Plaza e de Russie|HTTP 404
Hotel Sanders|HTTP 404
Hotel Splendide Royal Paris|HTTP 404
Hotel Taschenbergpalais Kempinski Dresden|HTTP 404
House of Jasmines|HTTP 404
Houston Grand Hotel - River Oaks|HTTP 404
Hôtel Barrière Le Majestic Cannes|HTTP 404
Hôtel de Paris Saint-Tropez|HTTP 404
Hôtel du Couvent, Luxury Collection Hotel|HTTP 404
Hyatt Regency Aruba Resort, Spa & Casino|HTTP 404
Hyatt Regency Nice Palais de la Mediterranee|HTTP 404
Il San Corrado di Noto|HTTP 404
Il San Pietro di Positano|HTTP 404
Inn by the Sea|HTTP 404
InterContinental Bora Bora Resort & Thalasso Spa|HTTP 404
InterContinental Buckhead Atlanta|HTTP 404
InterContinental Hayman Great Barrier Reef|HTTP 404
InterContinental Paris Le Grand|HTTP 404
InterContinental Phuket Resort|HTTP 404
InterContinental Sydney|HTTP 404
Inverlochy Castle Hotel|HTTP 404
Island Shangri-La, Hong Kong|HTTP 404
Jackalope Hotel|HTTP 404
Jade Mountain|HTTP 404
JOALI BEING|HTTP 404
Jumeirah Marsa Al Arab Resort & Residences|HTTP 404
Jumeirah Olhahali Island|HTTP 404
Kamalaya Koh Samui|HTTP 404
Katikies Garden|HTTP 404
Kempinski Hotel Mall of the Emirates Dubai|HTTP 404
Keswick Hall|HTTP 404
Kimpton Seafire Resort + Spa, Grand Cayman|HTTP 404
King David Jerusalem|HTTP 404
Kinsterna Hotel|HTTP 404
Kisawa Sanctuary|HTTP 404
Kulm Hotel St. Moritz|HTTP 404
La Bouitte|HTTP 404
La Corte Dei Papi|HTTP 404
Ladera Resort|HTTP 404
La Fiermontina Luxury Home|HTTP 404
La Meridiana Relais & Chateaux|HTTP 404
LaPlaya Beach & Golf Resort|HTTP 404
La Posta Vecchia Hotel|HTTP 404
La Quinta Resort & Club|HTTP 404
La Reserve Paris Apartments|HTTP 404
La Samanna, A Belmond Hotel, St Martin|HTTP 404
La Sultana Oualidia|HTTP 404
L'Auberge de Sedona|HTTP 404
La Zambra Resort|HTTP 404
Le Couvent des Minimes un Hotel & SPA L’Occitane en Provence|HTTP 404
Le Domaine du Mas de Pierre|HTTP 404
Le Manoir aux Quat'Saisons, A Belmond Hotel, Oxfordshire|HTTP 404
Lesante Cape|HTTP 404
Lido House, Autograph Collection|HTTP 404
Live Aqua San Miguel de Allende|HTTP 404
Llao Llao Resort, Golf & Spa|HTTP 404
Los Cauquenes Resort + Spa + Experiences|HTTP 404
Lucknam Park, Emblems Collection|HTTP 404
Macakizi|HTTP 404
Madeline Hotel & Residences, Auberge Collection|HTTP 404
Maison Métier|HTTP 404
Mandarin Oriental Bosphorus, Istanbul|HTTP 404
Mandarin Oriental Jumeira, Dubai|HTTP 404
Mandarin Oriental, Kuala Lumpur|HTTP 404
Mandarin Oriental, Prague|HTTP 404
Mandarin Oriental Savoy, Zurich|HTTP 404
Mandarin Oriental, Tokyo|HTTP 404
MANNA|HTTP 404
Manoir Hovey|HTTP 404
Mashpi Lodge|HTTP 404
Masseria San Domenico|HTTP 404
Mauna Kea Beach Hotel, Autograph Collection|HTTP 404
Meadowood Napa Valley|HTTP 404
Montage Laguna Beach|HTTP 404
Montage Palmetto Bluff|HTTP 404
Motu Nao Nao|HTTP 404
Muir, a Luxury Collection Hotel, Halifax|HTTP 404
Mykonos Grand Hotel & Resort|HTTP 404
Mystique, a Luxury Collection Hotel, Santorini|HTTP 404
Nekajui, a Ritz-Carlton Reserve|HTTP 404
Nimb|HTTP 404
Nobu Hotel Chicago|HTTP 404
Nobu Hotel London Portman Square|HTTP 404
NOŪS Santorini|HTTP 404
O2 Beach Club & Spa|HTTP 404
Ocean House|HTTP 404
Ojai Valley Inn|HTTP 404
Olissippo Lapa Palace|HTTP 404
One&Only Aesthesis|HTTP 404
One&Only Cape Town|HTTP 404
One&Only Kéa Island|HTTP 404
One&Only Mandarina|HTTP 404
One&Only One Za’abeel|HTTP 404
One&Only Royal Mirage|HTTP 404
Our Habitas Bacalar|HTTP 404
Palacio Duhau - Park Hyatt Buenos Aires|HTTP 404
Palais Coburg Residenz|HTTP 404
Palazzo Avino|HTTP 404
Palazzo Fiuggi|HTTP 404
Palazzo Seneca|HTTP 404
Palazzo Venart Luxury Hotel|HTTP 404
Paradero Todos Santos|HTTP 404
Parador of Santiago de Compostela|HTTP 404
Park Hyatt Aviara Resort, Golf Club and Spa|HTTP 404
Park Hyatt Beijing|HTTP 404
Park Hyatt Istanbul - Macka Palas|HTTP 404
Park Hyatt Marrakech|HTTP 404
Park Hyatt Melbourne|HTTP 404
Park Hyatt Milano|HTTP 404
Park Hyatt New York|HTTP 404
Park Hyatt Paris-Vendome|HTTP 404
Park Hyatt Seoul|HTTP 404
Park Hyatt Siem Reap|HTTP 404
Park Hyatt Sydney|HTTP 404
Park Hyatt Zurich|HTTP 404
Parklane, a Luxury Collection Resort & Spa, Limassol|HTTP 404
Passalacqua|HTTP 404
Patina Osaka|HTTP 404
Pendry San Diego|HTTP 404
Petra Segreta Resort & Spa|HTTP 404
Porto Zante Villas & Spa|HTTP 404
Powerscourt Hotel Resort Spa|HTTP 404
Principe Forte dei Marmi|HTTP 404
Párisi Udvar Hotel Budapest, in The Unbound Collection by Hyatt|HTTP 404
qualia, Great Barrier Reef|HTTP 404
Raffles Boston|HTTP 404
Raffles Dubai|HTTP 404
Raffles Makati|HTTP 404
RAKxa Integrative Wellness|HTTP 404
Rancho Santana|HTTP 404
Relais Roncolo 1888|HTTP 404
Rio Sagrado, A Belmond Hotel, Sacred Valley|HTTP 404
Ritz Paris|HTTP 404
RockResorts - The Arrabelle at Vail Square|HTTP 404
Romeo hotel|HTTP 404
Rosapetra Spa Resort|HTTP 404
Rosewood Amsterdam|HTTP 404
Rosewood Bermuda|HTTP 404
Rosewood Little Dix Bay|HTTP 404
Rosewood Mansion On Turtle Creek|HTTP 404
Rosewood Vienna|HTTP 404
Rosselli AX Privilege|HTTP 404
Royal Palms Resort and Spa|HTTP 404
Salamander Middleburg|HTTP 404
Salamander Washington DC|HTTP 404
Salterra, a Luxury Collection Resort & Spa, South Caicos|HTTP 404
San Canzian Hotel & Residences|HTTP 404
Sani Asterias at Sani Resort|HTTP 404
Santa Marina, a Luxury Collection Resort, Mykonos|HTTP 404
Santa Monica Proper|HTTP 404
San Ysidro Ranch|HTTP 404
Saxon Hotel, Villas & Spa|HTTP 404
Selman Marrakech|HTTP 404
Shangri-La China World Summit Wing, Beijing|HTTP 404
Shangri-La Jeddah|HTTP 404
Shangri-La Paris|HTTP 404
Six Senses Kaplankaya|HTTP 404
Six Senses Rome|HTTP 404
Six Senses Yao Noi|HTTP 404
SO/ Auckland|HTTP 404
SO/ Berlin Das Stue|HTTP 404
Sofitel Chicago Magnificent Mile|HTTP 404
Sofitel Kia Ora Moorea Beach Resort|HTTP 404
Sofitel Mexico City Reforma|HTTP 404
Solaz, a Luxury Collection Resort Los Cabos|HTTP 404
Sommerro|HTTP 404
Songtsam Linka Retreat Lhasa|HTTP 404
Sonora Resort Canada|HTTP 404
Southall Farm & Inn|HTTP 404
Spicers Peak Lodge|HTTP 404
Splendido, A Belmond Hotel, Portofino|HTTP 404
St. Nicolas Bay Resort Hotel & Villas|HTTP 404
Steigenberger Icon Frankfurter Hof|HTTP 404
Steigenberger Icon Wiltcher's|HTTP 404
Sundance Mountain Resort|HTTP 404
Sur-Mesure Private Homes|HTTP 404
Susona Bodrum, LXR Hotels & Resorts|HTTP 404
Taj Cape Town|HTTP 404
Taj Falaknuma Palace|HTTP 404
Taj Mahal New Delhi|HTTP 404
Terre Blanche Hôtel Spa Golf Resort|HTTP 404
The Amauris Vienna|HTTP 404
The Artist Grand Hotel of Art|HTTP 404
The Berkeley, London|HTTP 404
The Calile Brisbane|HTTP 404
The Canyon Suites at The Phoenician, a Luxury Collection Resort, Scottsdale|HTTP 404
The Charleston Place|HTTP 404
The Chatwal Lodge|HTTP 404
The Connaught, London|HTTP 404
The Edinburgh Grand, a Luxury Collection Hotel, Edinburgh|HTTP 404
The Europe Hotel & Resort|HTTP 404
The Excelsior, a Luxury Collection Hotel, Florence|HTTP 404
The Fairmont Chateau Lake Louise|HTTP 404
The Fairmont Chateau Whistler|HTTP 404
The Grand, York|HTTP 404
The Greenwich Hotel|HTTP 404
The Gritti Palace, a Luxury Collection Hotel, Venice|HTTP 404
The Hay-Adams|HTTP 404
The Hazelton Hotel|HTTP 404
The Hermitage Hotel Nashville|HTTP 404
The Huntington Hotel - A Virtuoso Preview Property|HTTP 404
The Imperial New Delhi|HTTP 404
The Inns of Aurora|HTTP 404
The K Club|HTTP 404
The Landmark Mandarin Oriental, Hong Kong|HTTP 404
The Langham, Boston|HTTP 404
The Langham, New York, Fifth Avenue|HTTP 404
The Langham, Sydney|HTTP 404
The Largo|HTTP 404
The Leela Palace Udaipur|HTTP 404
The Lodge at Spruce Peak|HTTP 404
The Lodge at Torrey Pines|HTTP 404
The Lowell|HTTP 404
The Madrid EDITION|HTTP 404
The Nautilus Maldives|HTTP 404
The Oberoi Beach Resort, Mauritius|HTTP 404
The Oberoi, New Delhi|HTTP 404
The Oberoi Udaivilas, Udaipur|HTTP 404
The Oberoi Zahra, Luxury Nile Cruise|HTTP 404
The Ocean Club, A Four Seasons Resort, Bahamas|HTTP 404
The One Monumental Palace|HTTP 404
The Palms Turks & Caicos|HTTP 404
The Peninsula Bangkok|HTTP 404
The Peninsula Beijing|HTTP 404
The Peninsula Hong Kong|HTTP 404
The Peninsula Istanbul|HTTP 404
The Phoenicia Malta|HTTP 404
The Phoenician, a Luxury Collection Resort, Scottsdale|HTTP 404
The Pierre, a Taj Hotel, New York|HTTP 404
The PuLi Shanghai|HTTP 404
The Reef at Atlantis|HTTP 404
The Reykjavik EDITION|HTTP 404
The Ritz-Carlton Beijing, Financial Street|HTTP 404
The Ritz-Carlton Chicago|HTTP 404
The Ritz-Carlton, Dove Mountain|HTTP 404
The Ritz-Carlton, Half Moon Bay|HTTP 404
The Ritz-Carlton, Hong Kong|HTTP 404
The Ritz-Carlton, Laguna Niguel|HTTP 404
The Ritz-Carlton, Millenia Singapore|HTTP 404
The Ritz-Carlton, New Orleans|HTTP 404
The Ritz-Carlton Oʻahu, Turtle Bay|HTTP 404
The Ritz-Carlton, Osaka|HTTP 404
The Ritz-Carlton Ras Al Khaimah, Al Wadi Desert|HTTP 404
The Ritz-Carlton Reynolds, Lake Oconee|HTTP 404
The Ritz-Carlton, San Juan|HTTP 404
The Ritz-Carlton Shanghai, Pudong|HTTP 404
The Ritz-Carlton, South Beach|HTTP 404
The Ritz-Carlton, Turks & Caicos|HTTP 404
The Ritz-Carlton, Vienna|HTTP 404
The Royal Crescent Hotel & Spa|HTTP 404
The Royal Livingstone Anantara|HTTP 404
The Samling Hotel|HTTP 404
The Seabird Ocean Resort & Spa|HTTP 404
The St. Regis Aspen Resort|HTTP 404
The St. Regis Atlanta|HTTP 404
The St. Regis Bali Resort|HTTP 404
The St. Regis Bermuda Resort|HTTP 404
The St. Regis Bora Bora Resort|HTTP 404
The St. Regis Hong Kong|HTTP 404
The St. Regis Maldives Vommuli Resort|HTTP 404
The St. Regis New York|HTTP 404
The St. Regis Red Sea Resort|HTTP 404
The St. Regis Rome|HTTP 404
The St. Regis San Francisco|HTTP 404
The St. Regis Venice|HTTP 404
The St. Regis Washington, DC|HTTP 404
The Stafford London|HTTP 404
The Tides Inn|HTTP 404
The Twelve Apostles Hotel & Spa|HTTP 404
THE US GRANT, a Luxury Collection Hotel, San Diego|HTTP 404
The Woodward, Auberge Collection|HTTP 404
Thompson Houston|HTTP 404
Thompson Madrid, by Hyatt|HTTP 404
Thompson San Antonio - Riverwalk|HTTP 404
Thompson Savannah|HTTP 404
Thompson Zihuatanejo|HTTP 404
Tierra Atacama|HTTP 404
Tortuga Bay Puntacana|HTTP 404
Twin Farms|HTTP 404
Txai Resort Itacare|HTTP 404
Umaid Bhawan Palace|HTTP 404
Upper House Hong Kong|HTTP 404
Upper House Shanghai|HTTP 404
Vedema, a Luxury Collection Resort, Santorini|HTTP 404
Vermelho Melides|HTTP 404
VICTORIA-JUNGFRAU Grand Hotel & Spa|HTTP 404
Villa Dubrovnik|HTTP 404
Villa Eden - The Private Retreat|HTTP 404
Villa e Palazzo Aminta|HTTP 404
Villa Franca Positano|HTTP 404
Villa Gallici|HTTP 404
Villa Igiea, a Rocco Forte Hotel|HTTP 404
Villa Korta Katarina|HTTP 404
Villa Maria Cristina|HTTP 404
Villa Marina Capri|HTTP 404
Villa Nai 3.3|HTTP 404
Villa Principe Leopoldo|HTTP 404
Villa Roma Imperiale|HTTP 404
Villa Sant'Andrea, A Belmond Hotel, Taormina Mare|HTTP 404
Wakaya Private Island Resort|HTTP 404
Waldorf Astoria Orlando|HTTP 404
W Algarve|HTTP 404
W Barcelona|HTTP 404
W Edinburgh|HTTP 404
Wharekauhau Country Estate|HTTP 404
Widder Hotel|HTTP 404
Wildflower Farms, Auberge Collection|HTTP 404
Winvian Farm|HTTP 404
W New York - Union Square|HTTP 404
Zadún Los Cabos, a Ritz-Carlton Reserve|HTTP 404
