"status","slug","name","current_url"
"NO_URL","akelarre-relais-chateaux-hotel-spain","Akelarre, Relais & Chateaux Hotel",""
"NO_URL","cap-st-georges-hotel-resort-cyprus","Cap St Georges Hotel & Resort",""
"NO_URL","evermore-orlando-resort-united-states","Evermore Orlando Resort",""
"NO_URL","fairmont-la-marina-rabat-sal-hotel-and-residences-morocco","Fairmont La Marina Rabat Salé Hotel And Residences",""
"NO_URL","fairmont-southampton-bermuda","Fairmont Southampton",""
"NO_URL","lake-placid-lodge-united-states","Lake Placid Lodge",""
"NO_URL","marina-bay-sands-singapore","Marina Bay Sands",""
"NO_URL","rosewood-miyakojima-japan","Rosewood Miyakojima",""
"404_BROKEN","1-hotel-south-beach-united-states","1 Hotel South Beach","https://media.virtuoso.com/m/Images/Brochures/15617556_2_0_0306.jpg"
"404_BROKEN","7pines-resort-ibiza-spain","7Pines Resort Ibiza","https://media.virtuoso.com/m/Images/Brochures/16122878_2_0_0307.jpg"
"404_BROKEN","7pines-resort-sardinia-italy","7Pines Resort Sardinia","https://media.virtuoso.com/m/Images/Brochures/16921314_2_0_0225.jpg"
"404_BROKEN","abaton-island-resort-spa-greece","Abaton Island Resort & Spa","https://media.virtuoso.com/m/Images/Brochures/16027480_2_89_0227.jpg"
"404_BROKEN","acqualina-resort-residences-on-the-beach-united-states","Acqualina Resort & Residences on the Beach","https://media.virtuoso.com/m/Images/Brochures/3886_2_4_0314.jpg"
"404_BROKEN","airelles-saint-tropez-chateau-de-la-messardiere-france","Airelles Saint Tropez, Chateau de la Messardiere","https://media.virtuoso.com/m/Images/Brochures/12648149_2_0_0225.jpg"
"404_BROKEN","airelles-saint-tropez-pan-dei-palais-france","Airelles Saint-Tropez, Pan Dei Palais","https://media.virtuoso.com/m/Images/Brochures/3628804_2_0_0310.jpg"
"404_BROKEN","airelles-val-disere-france","Airelles, Val d'Isere","https://media.virtuoso.com/m/Images/Brochures/16117106_2_0_0225.jpg"
"404_BROKEN","al-maha-a-luxury-collection-desert-resort-spa-dubai-united-arab-emirates","Al Maha, a Luxury Collection Desert Resort & Spa, Dubai","https://media.virtuoso.com/m/Images/Brochures/4512_2_0_0311.jpg"
"404_BROKEN","alila-mayakoba-mexico","Alila Mayakoba","https://media.virtuoso.com/m/Images/Brochures/15244321_2_0_0320.jpg"
"404_BROKEN","alpengold-hotel-davos-switzerland","AlpenGold Hotel Davos","https://media.virtuoso.com/m/Images/Brochures/14327480_2_0_0310.jpg"
"404_BROKEN","alpes-hotel-du-pralong-france","Alpes Hotel du Pralong","https://media.virtuoso.com/m/Images/Brochures/16930291_2_0_0310.jpg"
"404_BROKEN","aman-kyoto-japan","Aman Kyoto","https://media.virtuoso.com/m/Images/Brochures/16117108_2_0_0228.jpg"
"404_BROKEN","aman-new-york-united-states","Aman New York","https://media.virtuoso.com/m/Images/Brochures/16625092_2_0_0224.jpg"
"404_BROKEN","aman-venice-italy","Aman Venice","https://media.virtuoso.com/m/Images/Brochures/12608627_2_0_0224.jpg"
"404_BROKEN","amanbagh-india","Amanbagh","https://media.virtuoso.com/m/Images/Brochures/4661_2_0_0228.jpg"
"404_BROKEN","amandari-indonesia","Amandari","https://media.virtuoso.com/m/Images/Brochures/3745_2_0_0228.jpg"
"404_BROKEN","amanemu-japan","Amanemu","https://media.virtuoso.com/m/Images/Brochures/15459609_2_0_0224.jpg"
"404_BROKEN","amanera-dominican-republic","Amanera","https://media.virtuoso.com/m/Images/Brochures/15368206_2_0_0224.jpg"
"404_BROKEN","amangani-united-states","Amangani","https://media.virtuoso.com/m/Images/Brochures/4476_2_0_0228.jpg"
"404_BROKEN","amangiri-united-states","Amangiri","https://media.virtuoso.com/m/Images/Brochures/955125_2_0_0224.jpg"
"404_BROKEN","amanjena-morocco","Amanjena","https://media.virtuoso.com/m/Images/Brochures/3865_2_0_0228.jpg"
"404_BROKEN","amanjiwo-indonesia","Amanjiwo","https://media.virtuoso.com/m/Images/Brochures/4496_2_0_0224.jpg"
"404_BROKEN","amanoi-vietnam","Amanoi","https://media.virtuoso.com/m/Images/Brochures/12937977_2_0_0224.jpg"
"404_BROKEN","amanpulo-philippines","Amanpulo","https://media.virtuoso.com/m/Images/Brochures/4443_2_0_0224.jpg"
"404_BROKEN","amantaka-laos","Amantaka","https://media.virtuoso.com/m/Images/Brochures/592080_2_0_0224.jpg"
"404_BROKEN","amanwella-sri-lanka","Amanwella","https://media.virtuoso.com/m/Images/Brochures/4648_2_0_0224.jpg"
"404_BROKEN","amanyara-turks-and-caicos-islands","Amanyara","https://media.virtuoso.com/m/Images/Brochures/4353_2_0_0224.jpg"
"404_BROKEN","ambiente-sedona-a-landscape-hotel-united-states","Ambiente Sedona, A Landscape Hotel","https://media.virtuoso.com/m/Images/Brochures/16720947_2_0_0311.jpg"
"404_BROKEN","anantara-convento-di-amalfi-grand-hotel-italy","Anantara Convento di Amalfi Grand Hotel","https://media.virtuoso.com/m/Images/Brochures/16752134_2_0_0226.jpg"
"404_BROKEN","anantara-golden-triangle-elephant-camp-resort-thailand","Anantara Golden Triangle Elephant Camp & Resort","https://media.virtuoso.com/m/Images/Brochures/3762_2_0_0228.jpg"
"404_BROKEN","anantara-kihavah-maldives-villas-maldives","Anantara Kihavah Maldives Villas","https://media.virtuoso.com/m/Images/Brochures/18052037_2_0_0221.jpg"
"404_BROKEN","anantara-peace-haven-tangalle-resort-sri-lanka","Anantara Peace Haven Tangalle Resort","https://media.virtuoso.com/m/Images/Brochures/15411873_2_0_0226.jpg"
"404_BROKEN","anantara-siam-bangkok-hotel-thailand","Anantara Siam Bangkok Hotel","https://media.virtuoso.com/m/Images/Brochures/4244_2_0_0309.jpg"
"404_BROKEN","anantara-villa-padierna-palace-benahavis-marbella-resort-spain","Anantara Villa Padierna Palace - Benahavis Marbella Resort","https://media.virtuoso.com/m/Images/Brochures/16728283_2_0_0312.jpg"
"404_BROKEN","anantara-world-islands-dubai-resort-united-arab-emirates","Anantara World Islands Dubai Resort","https://media.virtuoso.com/m/Images/Brochures/16519296_2_0_0308.jpg"
"404_BROKEN","anassa-cyprus","Anassa","https://media.virtuoso.com/m/Images/Brochures/14875752_2_11_0227.jpg"
"404_BROKEN","andaz-bali-indonesia","Andaz Bali","https://media.virtuoso.com/m/Images/Brochures/16597012_2_0_0310.jpg"
"404_BROKEN","andaz-tokyo-toranomon-hills-japan","Andaz Tokyo Toranomon Hills","https://media.virtuoso.com/m/Images/Brochures/14656837_2_0_0304.jpg"
"404_BROKEN","aria-sky-suites-united-states","ARIA Sky Suites","https://media.virtuoso.com/m/Images/Brochures/5870537_2_0_0313.jpg"
"404_BROKEN","arizona-biltmore-lxr-hotels-resorts-united-states","Arizona Biltmore, LXR Hotels & Resorts","https://media.virtuoso.com/m/Images/Brochures/4574_2_0_0314.jpg"
"404_BROKEN","aurora-anguilla-resort-golf-club-anguilla","Aurora Anguilla Resort & Golf Club","https://media.virtuoso.com/m/Images/Brochures/4527_2_0_0311.jpg"
"404_BROKEN","awasi-iguazu-relais-chateaux-argentina","Awasi Iguazu Relais & Chateaux","https://media.virtuoso.com/m/Images/Brochures/18268505_2_0_0225.jpg"
"404_BROKEN","awasi-patagonia-relais-chateaux-chile","Awasi Patagonia Relais & Chateaux","https://media.virtuoso.com/m/Images/Brochures/18251115_2_0_0225.jpg"
"404_BROKEN","awasi-santa-catarina-relais-chateaux-brazil","Awasi Santa Catarina Relais & Chateaux","https://media.virtuoso.com/m/Images/Brochures/3733_2_0_0316.jpg"
"404_BROKEN","badrutts-palace-hotel-switzerland","Badrutt's Palace Hotel","https://media.virtuoso.com/m/Images/Brochures/4637_2_1_0312.jpg"
"404_BROKEN","baglioni-hotel-luna-italy","Baglioni Hotel Luna","https://media.virtuoso.com/m/Images/Brochures/4005_2_0_0306.jpg"
"404_BROKEN","baglioni-hotel-regina-italy","Baglioni Hotel Regina","https://media.virtuoso.com/m/Images/Brochures/4372_2_0_0310.jpg"
"404_BROKEN","banwa-private-island-philippines","Banwa Private Island","https://media.virtuoso.com/m/Images/Brochures/16469953_2_0_0305.jpg"
"404_BROKEN","banyan-tree-alula-saudi-arabia","Banyan Tree AlUla","https://media.virtuoso.com/m/Images/Brochures/16728265_2_0_0305.jpg"
"404_BROKEN","beach-village-at-the-del-lxr-hotels-resorts-united-states","Beach Village at The Del, LXR Hotels & Resorts","https://media.virtuoso.com/m/Images/Brochures/16470742_2_0_0305.jpg"
"404_BROKEN","beau-rivage-geneva-switzerland","Beau-Rivage, Geneva","https://media.virtuoso.com/m/Images/Brochures/4452_2_1_0224.jpg"
"404_BROKEN","beaverbrook-united-kingdom","Beaverbrook","https://media.virtuoso.com/m/Images/Brochures/16745661_2_0_0312.jpg"
"404_BROKEN","bellevue-palace-switzerland","Bellevue Palace","https://media.virtuoso.com/m/Images/Brochures/4338_2_0_0308.jpg"
"404_BROKEN","beyond-by-geisel-germany","BEYOND by Geisel","https://media.virtuoso.com/m/Images/Brochures/16174688_2_0_0311.jpg"
"404_BROKEN","birkenhead-house-south-africa","Birkenhead House","https://media.virtuoso.com/m/Images/Brochures/3846_2_0_0228.jpg"
"404_BROKEN","bisha-a-luxury-collection-hotel-toronto-canada","BISHA, a Luxury Collection Hotel, Toronto","https://media.virtuoso.com/m/Images/Brochures/15734805_2_0_0223.jpg"
"404_BROKEN","borgo-pignano-tuscany-italy","Borgo Pignano Tuscany","https://media.virtuoso.com/m/Images/Brochures/15495759_2_0_0304.jpg"
"404_BROKEN","botanique-hotel-experience-brazil","Botanique Hotel Experience","https://media.virtuoso.com/m/Images/Brochures/16786089_2_0_0315.jpg"
"404_BROKEN","breidenbacher-hof-germany","Breidenbacher Hof","https://media.virtuoso.com/m/Images/Brochures/4568_2_0_0311.jpg"
"404_BROKEN","browns-hotel-a-rocco-forte-hotel-united-kingdom","Brown's Hotel, a Rocco Forte Hotel","https://media.virtuoso.com/m/Images/Brochures/4334_2_0_0310.jpg"
"404_BROKEN","buahan-a-banyan-tree-escape-indonesia","Buahan, A Banyan Tree Escape","https://media.virtuoso.com/m/Images/Brochures/16268178_2_18_0303.jpg"
"404_BROKEN","bungalows-at-the-boca-raton-united-states","Bungalows at The Boca Raton","https://media.virtuoso.com/m/Images/Brochures/16471248_2_0_0226.jpg"
"404_BROKEN","burgenstock-hotel-and-alpine-spa-switzerland","Burgenstock Hotel and Alpine Spa","https://media.virtuoso.com/m/Images/Brochures/15603496_2_0_0314.jpg"
"404_BROKEN","bvlgari-hotel-milano-italy","Bvlgari Hotel Milano","https://media.virtuoso.com/m/Images/Brochures/4388_2_0_0310.jpg"
"404_BROKEN","bvlgari-hotel-roma-italy","Bvlgari Hotel Roma","https://media.virtuoso.com/m/Images/Brochures/16597033_2_3_0315.jpg"
"404_BROKEN","bvlgari-hotel-shanghai-china","Bvlgari Hotel Shanghai","https://media.virtuoso.com/m/Images/Brochures/15441437_2_1_0325.jpg"
"404_BROKEN","bvlgari-hotel-tokyo-japan","Bvlgari Hotel Tokyo","https://media.virtuoso.com/m/Images/Brochures/16780984_2_0_0309.jpg"
"404_BROKEN","bvlgari-resort-bali-indonesia","Bvlgari Resort Bali","https://media.virtuoso.com/m/Images/Brochures/4633_2_0_0302.jpg"
"404_BROKEN","ca-sagredo-hotel-italy","Ca' Sagredo Hotel","https://media.virtuoso.com/m/Images/Brochures/3753_2_0_0228.jpg"
"404_BROKEN","cala-de-mar-resort-spa-ixtapa-mexico","Cala de Mar Resort & Spa Ixtapa","https://media.virtuoso.com/m/Images/Brochures/4288_2_0_0310.jpg"
"404_BROKEN","cala-di-volpe-a-luxury-collection-hotel-costa-smeralda-italy","Cala di Volpe, a Luxury Collection Hotel, Costa Smeralda","https://media.virtuoso.com/m/Images/Brochures/4138_2_0_0308.jpg"
"404_BROKEN","cap-estel-france","Cap Estel","https://media.virtuoso.com/m/Images/Brochures/4359_2_13_0310.jpg"
"404_BROKEN","cap-maison-resort-spa-saint-lucia","Cap Maison Resort & Spa","https://media.virtuoso.com/m/Images/Brochures/4082_2_0_0302.jpg"
"404_BROKEN","capella-sydney-australia","Capella Sydney","https://media.virtuoso.com/m/Images/Brochures/16562779_2_0_0309.jpg"
"404_BROKEN","capelongue-a-beaumier-hotel-spa-france","Capelongue, a Beaumier Hotel & Spa","https://media.virtuoso.com/m/Images/Brochures/16813343_2_0_0228.jpg"
"404_BROKEN","capri-tiberio-palace-italy","Capri Tiberio Palace","https://media.virtuoso.com/m/Images/Brochures/10759379_2_0_0303.jpg"
"404_BROKEN","carlton-hotel-st-moritz-switzerland","Carlton Hotel St. Moritz","https://media.virtuoso.com/m/Images/Brochures/6112767_2_0_0224.jpg"
"404_BROKEN","carmel-charme-resort-brazil","Carmel Charme Resort","https://media.virtuoso.com/m/Images/Brochures/15882998_2_0_0226.jpg"
"404_BROKEN","caruso-a-belmond-hotel-amalfi-coast-italy","Caruso, A Belmond Hotel, Amalfi Coast","https://media.virtuoso.com/m/Images/Brochures/4565_2_0_0302.jpg"
"404_BROKEN","casa-angelina-italy","Casa Angelina","https://media.virtuoso.com/m/Images/Brochures/15601666_2_0_0302.jpg"
"404_BROKEN","casa-de-campo-resort-villas-dominican-republic","Casa de Campo Resort & Villas","https://media.virtuoso.com/m/Images/Brochures/4264_2_0_0312.jpg"
"404_BROKEN","casadelmar-france","Casadelmar","https://media.virtuoso.com/m/Images/Brochures/6662126_2_42_0314.jpg"
"404_BROKEN","castel-badia-italy","Castel Badia","https://media.virtuoso.com/m/Images/Brochures/18333754_2_1_0316.jpg"
"404_BROKEN","castelfalfi-italy","Castelfalfi","https://media.virtuoso.com/m/Images/Brochures/16493976_2_0_0321.jpg"
"404_BROKEN","castello-banfi-il-borgo-italy","Castello Banfi - Il Borgo","https://media.virtuoso.com/m/Images/Brochures/1690751_2_2_0313.jpg"
"404_BROKEN","castiglion-del-bosco-a-rosewood-hotel-italy","Castiglion del Bosco, A Rosewood Hotel","https://media.virtuoso.com/m/Images/Brochures/3873_2_1_0312.jpg"
"404_BROKEN","chateau-daudrieu-france","Chateau d'Audrieu","https://media.virtuoso.com/m/Images/Brochures/15484883_2_0_0303.jpg"
"404_BROKEN","chateau-de-fonscolombe-france","Chateau de Fonscolombe","https://media.virtuoso.com/m/Images/Brochures/16391577_2_0_0311.jpg"
"404_BROKEN","chateau-de-la-barre-france","Chateau de La Barre","https://media.virtuoso.com/m/Images/Brochures/4521_2_5_0222.jpg"
"404_BROKEN","chateau-de-la-chevre-dor-france","Chateau de la Chevre d'Or","https://media.virtuoso.com/m/Images/Brochures/3995_2_0_0311.jpg"
"404_BROKEN","chteau-sainte-sabine-france","Château Sainte Sabine","https://media.virtuoso.com/m/Images/Brochures/16398227_2_0_0222.jpg"
"404_BROKEN","cheval-blanc-courchevel-france","Cheval Blanc Courchevel","https://media.virtuoso.com/m/Images/Brochures/11332534_2_2_0304.jpg"
"404_BROKEN","cheval-blanc-paris-france","Cheval Blanc Paris","https://media.virtuoso.com/m/Images/Brochures/15873973_2_0_0225.jpg"
"404_BROKEN","cheval-blanc-randheli-maldives-maldives","Cheval Blanc Randheli, Maldives","https://media.virtuoso.com/m/Images/Brochures/14139791_2_0_0321.jpg"
"404_BROKEN","cheval-blanc-st-barth-saint-barthlemy","Cheval Blanc St-Barth","https://media.virtuoso.com/m/Images/Brochures/4518_2_0_0311.jpg"
"404_BROKEN","chewton-glen-united-kingdom","Chewton Glen","https://media.virtuoso.com/m/Images/Brochures/3958_2_0_0306.jpg"
"404_BROKEN","clinique-la-prairie-switzerland","Clinique La Prairie","https://media.virtuoso.com/m/Images/Brochures/15286673_2_0_0305.jpg"
"404_BROKEN","cobblers-cove-barbados","Cobblers Cove","https://media.virtuoso.com/m/Images/Brochures/4571_2_0_0311.jpg"
"404_BROKEN","como-maalifushi-maldives","COMO Maalifushi","https://media.virtuoso.com/m/Images/Brochures/15810878_2_0_0224.jpg"
"404_BROKEN","conrad-dublin-ireland","Conrad Dublin","https://media.virtuoso.com/m/Images/Brochures/16597028_2_0_0310.jpg"
"404_BROKEN","conrad-osaka-japan","Conrad Osaka","https://media.virtuoso.com/m/Images/Brochures/15782759_2_0_0224.jpg"
"404_BROKEN","convento-do-espinheiro-hotel-portugal","Convento do Espinheiro Hotel","https://media.virtuoso.com/m/Images/Brochures/3004_2_69_0225.jpg"
"404_BROKEN","copacabana-palace-a-belmond-hotel-rio-de-janeiro-brazil","Copacabana Palace, A Belmond Hotel, Rio de Janeiro","https://media.virtuoso.com/m/Images/Brochures/3824_2_1_0303.jpg"
"404_BROKEN","coral-sands-bahamas","Coral Sands","https://media.virtuoso.com/m/Images/Brochures/15887443_2_0_0226.jpg"
"404_BROKEN","country-club-lima-hotel-peru","Country Club Lima Hotel","https://media.virtuoso.com/m/Images/Brochures/4662_2_8_0314.jpg"
"404_BROKEN","cour-des-loges-france","Cour des Loges","https://media.virtuoso.com/m/Images/Brochures/4165_2_0_0316.jpg"
"404_BROKEN","cristalino-lodge-brazil","Cristalino Lodge","https://media.virtuoso.com/m/Images/Brochures/18331918_2_5_0307.jpg"
"404_BROKEN","crossbasket-castle-united-kingdom","Crossbasket Castle","https://media.virtuoso.com/m/Images/Brochures/15543946_2_0_0224.jpg"
"404_BROKEN","culloden-estate-and-spa-united-kingdom","Culloden Estate and Spa","https://media.virtuoso.com/m/Images/Brochures/4195_2_0_0312.jpg"
"404_BROKEN","d-maris-bay-turkey","D Maris Bay","https://media.virtuoso.com/m/Images/Brochures/14654946_2_0_0227.jpg"
"404_BROKEN","daios-cove-greece","Daios Cove","https://media.virtuoso.com/m/Images/Brochures/16053138_2_74_0227.jpg"
"404_BROKEN","dan-tel-aviv-israel","Dan Tel Aviv","https://media.virtuoso.com/m/Images/Brochures/4183_2_0_0309.jpg"
"404_BROKEN","david-intercontinental-tel-aviv-israel","David InterContinental Tel Aviv","https://media.virtuoso.com/m/Images/Brochures/848469_2_0_0312.jpg"
"404_BROKEN","domaine-des-etangs-auberge-collection-france","Domaine des Etangs, Auberge Collection","https://media.virtuoso.com/m/Images/Brochures/15659689_2_97_0223.jpg"
"404_BROKEN","domes-miramare-a-luxury-collection-resort-corfu-greece","Domes Miramare, a Luxury Collection Resort, Corfu","https://media.virtuoso.com/m/Images/Brochures/15774447_2_14_0223.jpg"
"404_BROKEN","dromoland-castle-ireland","Dromoland Castle","https://media.virtuoso.com/m/Images/Brochures/4666_2_23_0228.jpg"
"404_BROKEN","el-encanto-santa-barbara-united-states","El Encanto, Santa Barbara","https://media.virtuoso.com/m/Images/Brochures/12346169_2_0_0223.jpg"
"404_BROKEN","ellerman-house-south-africa","Ellerman House","https://media.virtuoso.com/m/Images/Brochures/4448_2_0_0314.jpg"
"404_BROKEN","elounda-gulf-villas-greece","Elounda Gulf Villas","https://media.virtuoso.com/m/Images/Brochures/4285_2_0_0227.jpg"
"404_BROKEN","emirates-palace-mandarin-oriental-abu-dhabi-united-arab-emirates","Emirates Palace Mandarin Oriental, Abu Dhabi","https://media.virtuoso.com/m/Images/Brochures/4162_2_0_0228.jpg"
"404_BROKEN","estancia-vik-jose-ignacio-uruguay","Estancia Vik Jose Ignacio","https://media.virtuoso.com/m/Images/Brochures/1960811_2_0_0313.jpg"
"404_BROKEN","euphoria-retreat-greece","EUPHORIA RETREAT","https://media.virtuoso.com/m/Images/Brochures/18370828_2_0_0309.jpg"
"404_BROKEN","excelsior-hotel-ernst-germany","Excelsior Hotel Ernst","https://media.virtuoso.com/m/Images/Brochures/3916_2_0_0228.jpg"
"404_BROKEN","explora-patagonia-national-park-chile","Explora Patagonia National Park","https://media.virtuoso.com/m/Images/Brochures/16423054_2_0_0315.jpg"
"404_BROKEN","explora-uyuni-bolivia","Explora Uyuni","https://media.virtuoso.com/m/Images/Brochures/16641084_2_25_0311.jpg"
"404_BROKEN","fairmont-empress-canada","Fairmont Empress","https://media.virtuoso.com/m/Images/Brochures/4303_2_0_0313.jpg"
"404_BROKEN","fairmont-miramar-hotel-bungalows-united-states","Fairmont Miramar Hotel & Bungalows","https://media.virtuoso.com/m/Images/Brochures/5818858_2_0_0313.jpg"
"404_BROKEN","fairmont-mount-kenya-safari-club-kenya","Fairmont Mount Kenya Safari Club","https://media.virtuoso.com/m/Images/Brochures/6742524_2_0_0315.jpg"
"404_BROKEN","fairmont-orchid-united-states","Fairmont Orchid","https://media.virtuoso.com/m/Images/Brochures/4383_2_0_0226.jpg"
"404_BROKEN","fairmont-pacific-rim-canada","Fairmont Pacific Rim","https://media.virtuoso.com/m/Images/Brochures/5940549_2_25_0313.jpg"
"404_BROKEN","fairmont-royal-pavilion-barbados","Fairmont Royal Pavilion","https://media.virtuoso.com/m/Images/Brochures/15739548_2_2_0310.jpg"
"404_BROKEN","fairmont-tazi-palace-tangier-morocco","Fairmont Tazi Palace Tangier","https://media.virtuoso.com/m/Images/Brochures/16780964_2_0_0315.jpg"
"404_BROKEN","fairmont-the-norfolk-kenya","Fairmont The Norfolk","https://media.virtuoso.com/m/Images/Brochures/4751908_2_0_0313.jpg"
"404_BROKEN","fairmont-the-queen-elizabeth-canada","Fairmont The Queen Elizabeth","https://media.virtuoso.com/m/Images/Brochures/4667_2_0_0312.jpg"
"404_BROKEN","fairmont-waterfront-canada","Fairmont Waterfront","https://media.virtuoso.com/m/Images/Brochures/4297_2_0_0310.jpg"
"404_BROKEN","fasano-punta-del-este-uruguay","Fasano Punta del Este","https://media.virtuoso.com/m/Images/Brochures/6563083_2_0_0314.jpg"
"404_BROKEN","fleur-de-loire-france","Fleur de Loire","https://media.virtuoso.com/m/Images/Brochures/18086834_2_0_0309.jpg"
"404_BROKEN","fogo-island-inn-canada","Fogo Island Inn","https://media.virtuoso.com/m/Images/Brochures/13979258_2_0_0224.jpg"
"404_BROKEN","four-seasons-hotel-at-the-surf-club-united-states","Four Seasons Hotel at The Surf Club","https://media.virtuoso.com/m/Images/Brochures/15745055_2_5_0306.jpg"
"404_BROKEN","four-seasons-hotel-cairo-at-nile-plaza-egypt","Four Seasons Hotel Cairo at Nile Plaza","https://media.virtuoso.com/m/Images/Brochures/4242_2_0_0316.jpg"
"404_BROKEN","four-seasons-hotel-cairo-at-the-first-residence-egypt","Four Seasons Hotel Cairo, at The First Residence","https://media.virtuoso.com/m/Images/Brochures/4198_2_0_0309.jpg"
"404_BROKEN","four-seasons-hotel-chicago-united-states","Four Seasons Hotel Chicago","https://media.virtuoso.com/m/Images/Brochures/4308565_2_5_0313.jpg"
"404_BROKEN","four-seasons-hotel-hangzhou-at-west-lake-china","Four Seasons Hotel Hangzhou at West Lake","https://media.virtuoso.com/m/Images/Brochures/16157922_2_0_0225.jpg"
"404_BROKEN","four-seasons-hotel-istanbul-at-the-bosphorus-turkey","Four Seasons Hotel Istanbul at the Bosphorus","https://media.virtuoso.com/m/Images/Brochures/3921_2_0_0304.jpg"
"404_BROKEN","four-seasons-hotel-milano-italy","Four Seasons Hotel Milano","https://media.virtuoso.com/m/Images/Brochures/4330_2_0_0310.jpg"
"404_BROKEN","four-seasons-hotel-san-francisco-at-embarcadero-united-states","Four Seasons Hotel San Francisco at Embarcadero","https://media.virtuoso.com/m/Images/Brochures/3884_2_0_0304.jpg"
"404_BROKEN","four-seasons-resort-bora-bora-french-polynesia","Four Seasons Resort Bora Bora","https://media.virtuoso.com/m/Images/Brochures/3913_2_0_0228.jpg"
"404_BROKEN","four-seasons-resort-megeve-france","Four Seasons Resort Megeve","https://media.virtuoso.com/m/Images/Brochures/15665514_2_0_0223.jpg"
"404_BROKEN","four-seasons-resort-the-nam-hai-hoi-an-vietnam-vietnam","Four Seasons Resort The Nam Hai, Hoi An, Vietnam","https://media.virtuoso.com/m/Images/Brochures/4534_2_0_0311.jpg"
"404_BROKEN","four-seasons-resort-vail-united-states","Four Seasons Resort Vail","https://media.virtuoso.com/m/Images/Brochures/6087929_2_0_0224.jpg"
"404_BROKEN","grand-hotel-fasano-italy","Grand Hotel Fasano","https://media.virtuoso.com/m/Images/Brochures/16720949_2_0_0311.jpg"
"404_BROKEN","grand-hotel-minerva-italy","Grand Hotel Minerva","https://media.virtuoso.com/m/Images/Brochures/18052044_2_0_0224.jpg"
"404_BROKEN","grand-hotel-principe-di-piemonte-italy","Grand Hotel Principe di Piemonte","https://media.virtuoso.com/m/Images/Brochures/15979289_2_0_0306.jpg"
"404_BROKEN","grand-hotel-timeo-a-belmond-hotel-taormina-italy","Grand Hotel Timeo, A Belmond Hotel, Taormina","https://media.virtuoso.com/m/Images/Brochures/3848_2_0_0306.jpg"
"404_BROKEN","grand-hyatt-indian-wells-resort-villas-united-states","Grand Hyatt Indian Wells Resort & Villas","https://media.virtuoso.com/m/Images/Brochures/4583_2_58_0312.jpg"
"404_BROKEN","grand-hyatt-tokyo-japan","Grand Hyatt Tokyo","https://media.virtuoso.com/m/Images/Brochures/6616328_2_4_0314.jpg"
"404_BROKEN","grand-hyatt-vail-united-states","Grand Hyatt Vail","https://media.virtuoso.com/m/Images/Brochures/4027_2_0_0310.jpg"
"404_BROKEN","grand-resort-bad-ragaz-switzerland","Grand Resort Bad Ragaz","https://media.virtuoso.com/m/Images/Brochures/4036_2_0_0312.jpg"
"404_BROKEN","grand-velas-los-cabos-mexico","Grand Velas Los Cabos","https://media.virtuoso.com/m/Images/Brochures/15476764_2_0_0223.jpg"
"404_BROKEN","great-fosters-united-kingdom","Great Fosters","https://media.virtuoso.com/m/Images/Brochures/16625137_2_0_0310.jpg"
"404_BROKEN","helvetia-bristol-firenze-italy","Helvetia & Bristol Firenze","https://media.virtuoso.com/m/Images/Brochures/16503243_2_0_0313.jpg"
"404_BROKEN","herdade-da-malhadinha-nova-portugal","Herdade da Malhadinha Nova","https://media.virtuoso.com/m/Images/Brochures/16699212_2_0_0311.jpg"
"404_BROKEN","hotel-adlon-kempinski-berlin-germany","Hotel Adlon Kempinski Berlin","https://media.virtuoso.com/m/Images/Brochures/4235_2_0_0326.jpg"
"404_BROKEN","hotel-alfonso-xiii-a-luxury-collection-hotel-seville-spain","Hotel Alfonso XIII, a Luxury Collection Hotel, Seville","https://media.virtuoso.com/m/Images/Brochures/11170223_2_0_0226.jpg"
"404_BROKEN","hotel-bardo-savannah-united-states","Hotel Bardo Savannah","https://media.virtuoso.com/m/Images/Brochures/16921412_2_0_0313.jpg"
"404_BROKEN","hotel-barriere-le-grand-hotel-dinard-france","Hotel Barriere Le Grand Hotel Dinard","https://media.virtuoso.com/m/Images/Brochures/17903420_2_0_0301.jpg"
"404_BROKEN","htel-barrire-le-majestic-cannes-france","Hôtel Barrière Le Majestic Cannes","https://media.virtuoso.com/m/Images/Brochures/5805120_2_0_0222.jpg"
"404_BROKEN","hotel-boutique-casa-colonial-beach-spa-dominican-republic","Hotel Boutique Casa Colonial Beach & Spa","https://media.virtuoso.com/m/Images/Brochures/4607_2_18_0312.jpg"
"404_BROKEN","hotel-bristol-a-luxury-collection-hotel-warsaw-poland","Hotel Bristol, a Luxury Collection Hotel, Warsaw","https://media.virtuoso.com/m/Images/Brochures/4506_2_0_0311.jpg"
"404_BROKEN","hotel-byblos-st-tropez-france","Hotel Byblos St. Tropez","https://media.virtuoso.com/m/Images/Brochures/4286_2_0_0312.jpg"
"404_BROKEN","hotel-byron-italy","Hotel Byron","https://media.virtuoso.com/m/Images/Brochures/3794_2_0_0311.jpg"
"404_BROKEN","hotel-caf-royal-london-united-kingdom","Hotel Café Royal, London","https://media.virtuoso.com/m/Images/Brochures/15653965_2_0_0306.jpg"
"404_BROKEN","hotel-casa-pestagua-colombia","Hotel Casa Pestagua","https://media.virtuoso.com/m/Images/Brochures/16930080_2_0_0309.jpg"
"404_BROKEN","hotel-chais-monnet-spa-france","Hotel Chais Monnet & Spa","https://media.virtuoso.com/m/Images/Brochures/15782793_2_1_0306.jpg"
"404_BROKEN","hotel-crillon-le-brave-france","Hotel Crillon le Brave","https://media.virtuoso.com/m/Images/Brochures/16393441_2_0_0308.jpg"
"404_BROKEN","hotel-dinghilterra-starhotels-collezione-italy","Hotel d'Inghilterra, Starhotels Collezione","https://media.virtuoso.com/m/Images/Brochures/18268386_2_5_0312.jpg"
"404_BROKEN","hotel-danieli-venice-italy","Hotel Danieli, Venice","https://media.virtuoso.com/m/Images/Brochures/6872896_2_0_0314.jpg"
"404_BROKEN","hotel-de-la-cit-carcassonne-mgallery-collection-france","Hotel de la Cité Carcassonne – MGallery Collection","https://media.virtuoso.com/m/Images/Brochures/4462_2_0_0311.jpg"
"404_BROKEN","hotel-de-paris-monte-carlo-monaco","Hotel de Paris Monte-Carlo","https://media.virtuoso.com/m/Images/Brochures/3852_2_0_0319.jpg"
"404_BROKEN","htel-de-paris-saint-tropez-france","Hôtel de Paris Saint-Tropez","https://media.virtuoso.com/m/Images/Brochures/16393428_2_0_0307.jpg"
"404_BROKEN","htel-du-couvent-luxury-collection-hotel-france","Hôtel du Couvent, Luxury Collection Hotel","https://media.virtuoso.com/m/Images/Brochures/16707851_2_0_0223.jpg"
"404_BROKEN","hotel-eden-roc-switzerland","Hotel Eden Roc","https://media.virtuoso.com/m/Images/Brochures/3828_2_22_0224.jpg"
"404_BROKEN","hotel-esencia-mexico","Hotel Esencia","https://media.virtuoso.com/m/Images/Brochures/4243_2_0_0309.jpg"
"404_BROKEN","hotel-fasano-angra-dos-reis-brazil","Hotel Fasano Angra dos Reis","https://media.virtuoso.com/m/Images/Brochures/15768837_2_0_0223.jpg"
"404_BROKEN","hotel-fasano-sao-paulo-itaim-brazil","Hotel Fasano Sao Paulo Itaim","https://media.virtuoso.com/m/Images/Brochures/16769756_2_0_0315.jpg"
"404_BROKEN","hotel-fasano-trancoso-brazil","Hotel Fasano Trancoso","https://media.virtuoso.com/m/Images/Brochures/16423050_2_0_0305.jpg"
"404_BROKEN","hotel-goldener-hirsch-a-luxury-collection-hotel-salzburg-austria","Hotel Goldener Hirsch, a Luxury Collection Hotel, Salzburg","https://media.virtuoso.com/m/Images/Brochures/4451_2_8_0311.jpg"
"404_BROKEN","hotel-jackson-united-states","Hotel Jackson","https://media.virtuoso.com/m/Images/Brochures/16320081_2_0_0312.jpg"
"404_BROKEN","hotel-kamp-finland","Hotel Kamp","https://media.virtuoso.com/m/Images/Brochures/15422578_2_0_0223.jpg"
"404_BROKEN","hotel-lungarno-italy","Hotel Lungarno","https://media.virtuoso.com/m/Images/Brochures/4573_2_7_0310.jpg"
"404_BROKEN","hotel-marques-de-riscal-a-luxury-collection-hotel-elciego-spain","Hotel Marques de Riscal, a Luxury Collection Hotel, Elciego","https://media.virtuoso.com/m/Images/Brochures/3115_2_0_0225.jpg"
"404_BROKEN","hotel-martinez-france","Hotel Martinez","https://media.virtuoso.com/m/Images/Brochures/12664483_2_0_0319.jpg"
"404_BROKEN","hotel-nassauer-hof-germany","Hotel Nassauer Hof","https://media.virtuoso.com/m/Images/Brochures/18088109_2_0_0304.jpg"
"404_BROKEN","hotel-pitrizza-italy","Hotel Pitrizza","https://media.virtuoso.com/m/Images/Brochures/4351_2_0_0310.jpg"
"404_BROKEN","hotel-plaza-e-de-russie-italy","Hotel Plaza e de Russie","https://media.virtuoso.com/m/Images/Brochures/16114549_2_0_0227.jpg"
"404_BROKEN","hotel-sanders-denmark","Hotel Sanders","https://media.virtuoso.com/m/Images/Brochures/15816482_2_0_0314.jpg"
"404_BROKEN","hotel-splendide-royal-paris-france","Hotel Splendide Royal Paris","https://media.virtuoso.com/m/Images/Brochures/15739301_2_1_0223.jpg"
"404_BROKEN","hotel-taschenbergpalais-kempinski-dresden-germany","Hotel Taschenbergpalais Kempinski Dresden","https://media.virtuoso.com/m/Images/Brochures/4956718_2_0_0315.jpg"
"404_BROKEN","house-of-jasmines-argentina","House of Jasmines","https://media.virtuoso.com/m/Images/Brochures/9980131_2_0_0224.jpg"
"404_BROKEN","houston-grand-hotel-river-oaks-united-states","Houston Grand Hotel - River Oaks","https://media.virtuoso.com/m/Images/Brochures/3782_2_4_0223.jpg"
"404_BROKEN","hyatt-regency-aruba-resort-spa-casino-aruba","Hyatt Regency Aruba Resort, Spa & Casino","https://media.virtuoso.com/m/Images/Brochures/11152928_2_0_0318.jpg"
"404_BROKEN","hyatt-regency-nice-palais-de-la-mediterranee-france","Hyatt Regency Nice Palais de la Mediterranee","https://media.virtuoso.com/m/Images/Brochures/4473_2_1_0310.jpg"
"404_BROKEN","il-san-corrado-di-noto-italy","Il San Corrado di Noto","https://media.virtuoso.com/m/Images/Brochures/18074651_2_0_0311.jpg"
"404_BROKEN","il-san-pietro-di-positano-italy","Il San Pietro di Positano","https://media.virtuoso.com/m/Images/Brochures/4454_2_0_0311.jpg"
"404_BROKEN","inn-by-the-sea-united-states","Inn by the Sea","https://media.virtuoso.com/m/Images/Brochures/66253_2_0_0312.jpg"
"404_BROKEN","intercontinental-bora-bora-resort-thalasso-spa-french-polynesia","InterContinental Bora Bora Resort & Thalasso Spa","https://media.virtuoso.com/m/Images/Brochures/15542952_2_0_0226.jpg"
"404_BROKEN","intercontinental-buckhead-atlanta-united-states","InterContinental Buckhead Atlanta","https://media.virtuoso.com/m/Images/Brochures/4192_2_0_0311.jpg"
"404_BROKEN","intercontinental-hayman-great-barrier-reef-australia","InterContinental Hayman Great Barrier Reef","https://media.virtuoso.com/m/Images/Brochures/16129580_2_38_0228.jpg"
"404_BROKEN","intercontinental-paris-le-grand-france","InterContinental Paris Le Grand","https://media.virtuoso.com/m/Images/Brochures/4345_2_31_0313.jpg"
"404_BROKEN","intercontinental-phuket-resort-thailand","InterContinental Phuket Resort","https://media.virtuoso.com/m/Images/Brochures/16633734_2_0_0311.jpg"
"404_BROKEN","intercontinental-sydney-australia","InterContinental Sydney","https://media.virtuoso.com/m/Images/Brochures/3813_2_0_0228.jpg"
"404_BROKEN","inverlochy-castle-hotel-united-kingdom","Inverlochy Castle Hotel","https://media.virtuoso.com/m/Images/Brochures/4216_2_0_0309.jpg"
"404_BROKEN","island-shangri-la-hong-kong-china","Island Shangri-La, Hong Kong","https://media.virtuoso.com/m/Images/Brochures/4339_2_0_0310.jpg"
"404_BROKEN","jackalope-hotel-australia","Jackalope Hotel","https://media.virtuoso.com/m/Images/Brochures/15632458_2_0_0222.jpg"
"404_BROKEN","jade-mountain-saint-lucia","Jade Mountain","https://media.virtuoso.com/m/Images/Brochures/6105250_2_0_0313.jpg"
"404_BROKEN","joali-being-maldives","JOALI BEING","https://media.virtuoso.com/m/Images/Brochures/16255745_2_0_0224.jpg"
"404_BROKEN","jumeirah-marsa-al-arab-resort-residences-united-arab-emirates","Jumeirah Marsa Al Arab Resort & Residences","https://media.virtuoso.com/m/Images/Brochures/16585524_2_0_0315.jpg"
"404_BROKEN","jumeirah-olhahali-island-maldives","Jumeirah Olhahali Island","https://media.virtuoso.com/m/Images/Brochures/16314108_2_8_0221.jpg"
"404_BROKEN","kamalaya-koh-samui-thailand","Kamalaya Koh Samui","https://media.virtuoso.com/m/Images/Brochures/16404535_2_0_0301.jpg"
"404_BROKEN","katikies-garden-greece","Katikies Garden","https://media.virtuoso.com/m/Images/Brochures/16702533_2_0_0311.jpg"
"404_BROKEN","kempinski-hotel-mall-of-the-emirates-dubai-united-arab-emirates","Kempinski Hotel Mall of the Emirates Dubai","https://media.virtuoso.com/m/Images/Brochures/18120643_2_0_0311.jpg"
"404_BROKEN","keswick-hall-united-states","Keswick Hall","https://media.virtuoso.com/m/Images/Brochures/3966_2_16_0316.jpg"
"404_BROKEN","kimpton-seafire-resort-spa-grand-cayman-cayman-islands","Kimpton Seafire Resort + Spa, Grand Cayman","https://media.virtuoso.com/m/Images/Brochures/15602214_2_0_0222.jpg"
"404_BROKEN","king-david-jerusalem-israel","King David Jerusalem","https://media.virtuoso.com/m/Images/Brochures/6889238_2_0_0314.jpg"
"404_BROKEN","kinsterna-hotel-greece","Kinsterna Hotel","https://media.virtuoso.com/m/Images/Brochures/18340014_2_0_0301.jpg"
"404_BROKEN","kisawa-sanctuary-mozambique","Kisawa Sanctuary","https://media.virtuoso.com/m/Images/Brochures/16477754_2_0_0305.jpg"
"404_BROKEN","kulm-hotel-st-moritz-switzerland","Kulm Hotel St. Moritz","https://media.virtuoso.com/m/Images/Brochures/15551970_2_0_0313.jpg"
"404_BROKEN","lauberge-de-sedona-united-states","L'Auberge de Sedona","https://media.virtuoso.com/m/Images/Brochures/4256_2_33_0316.jpg"
"404_BROKEN","la-bouitte-france","La Bouitte","https://media.virtuoso.com/m/Images/Brochures/15801636_2_0_0224.jpg"
"404_BROKEN","la-corte-dei-papi-italy","La Corte Dei Papi","https://media.virtuoso.com/m/Images/Brochures/16199719_2_0_0301.jpg"
"404_BROKEN","la-fiermontina-luxury-home-italy","La Fiermontina Luxury Home","https://media.virtuoso.com/m/Images/Brochures/18385738_2_0_0316.jpg"
"404_BROKEN","la-meridiana-relais-chateaux-italy","La Meridiana Relais & Chateaux","https://media.virtuoso.com/m/Images/Brochures/15457469_2_0_0310.jpg"
"404_BROKEN","la-posta-vecchia-hotel-italy","La Posta Vecchia Hotel","https://media.virtuoso.com/m/Images/Brochures/3967_2_0_0313.jpg"
"404_BROKEN","la-quinta-resort-club-united-states","La Quinta Resort & Club","https://media.virtuoso.com/m/Images/Brochures/4153_2_0_0308.jpg"
"404_BROKEN","la-reserve-paris-apartments-france","La Reserve Paris Apartments","https://media.virtuoso.com/m/Images/Brochures/4126_2_0_0308.jpg"
"404_BROKEN","la-samanna-a-belmond-hotel-st-martin-saint-martin","La Samanna, A Belmond Hotel, St Martin","https://media.virtuoso.com/m/Images/Brochures/4276_2_151_0309.jpg"
"404_BROKEN","la-sultana-oualidia-morocco","La Sultana Oualidia","https://media.virtuoso.com/m/Images/Brochures/18103396_2_20_0301.jpg"
"404_BROKEN","la-zambra-resort-spain","La Zambra Resort","https://media.virtuoso.com/m/Images/Brochures/18218783_2_0_0307.jpg"
"404_BROKEN","ladera-resort-saint-lucia","Ladera Resort","https://media.virtuoso.com/m/Images/Brochures/4130_2_6_0312.jpg"
"404_BROKEN","laplaya-beach-golf-resort-united-states","LaPlaya Beach & Golf Resort","https://media.virtuoso.com/m/Images/Brochures/4122_2_0_0312.jpg"
"404_BROKEN","le-couvent-des-minimes-un-hotel-spa-loccitane-en-provence-france","Le Couvent des Minimes un Hotel & SPA L’Occitane en Provence","https://media.virtuoso.com/m/Images/Brochures/4457_2_0_0311.jpg"
"404_BROKEN","le-domaine-du-mas-de-pierre-france","Le Domaine du Mas de Pierre","https://media.virtuoso.com/m/Images/Brochures/16585530_2_0_0310.jpg"
"404_BROKEN","le-manoir-aux-quatsaisons-a-belmond-hotel-oxfordshire-united-kingdom","Le Manoir aux Quat'Saisons, A Belmond Hotel, Oxfordshire","https://media.virtuoso.com/m/Images/Brochures/2781_2_3_0225.jpg"
"404_BROKEN","lesante-cape-greece","Lesante Cape","https://media.virtuoso.com/m/Images/Brochures/17901845_2_0_0224.jpg"
"404_BROKEN","lido-house-autograph-collection-united-states","Lido House, Autograph Collection","https://media.virtuoso.com/m/Images/Brochures/16383237_2_0_0304.jpg"
"404_BROKEN","live-aqua-san-miguel-de-allende-mexico","Live Aqua San Miguel de Allende","https://media.virtuoso.com/m/Images/Brochures/16326634_2_0_0307.jpg"
"404_BROKEN","llao-llao-resort-golf-spa-argentina","Llao Llao Resort, Golf & Spa","https://media.virtuoso.com/m/Images/Brochures/4002_2_0_0306.jpg"
"404_BROKEN","los-cauquenes-resort-spa-experiences-argentina","Los Cauquenes Resort + Spa + Experiences","https://media.virtuoso.com/m/Images/Brochures/6879105_2_0_0314.jpg"
"404_BROKEN","lucknam-park-emblems-collection-united-kingdom","Lucknam Park, Emblems Collection","https://media.virtuoso.com/m/Images/Brochures/4651_2_12_0314.jpg"
"404_BROKEN","macakizi-turkey","Macakizi","https://media.virtuoso.com/m/Images/Brochures/16174690_2_17_0311.jpg"
"404_BROKEN","madeline-hotel-residences-auberge-collection-united-states","Madeline Hotel & Residences, Auberge Collection","https://media.virtuoso.com/m/Images/Brochures/1960798_2_18_0313.jpg"
"404_BROKEN","maison-mtier-united-states","Maison Métier","https://media.virtuoso.com/m/Images/Brochures/16237350_2_6_0311.jpg"
"404_BROKEN","mandarin-oriental-bosphorus-istanbul-turkey","Mandarin Oriental Bosphorus, Istanbul","https://media.virtuoso.com/m/Images/Brochures/16328212_2_47_0304.jpg"
"404_BROKEN","mandarin-oriental-jumeira-dubai-united-arab-emirates","Mandarin Oriental Jumeira, Dubai","https://media.virtuoso.com/m/Images/Brochures/16527111_2_0_0308.jpg"
"404_BROKEN","mandarin-oriental-savoy-zurich-switzerland","Mandarin Oriental Savoy, Zurich","https://media.virtuoso.com/m/Images/Brochures/16786074_2_0_0308.jpg"
"404_BROKEN","mandarin-oriental-kuala-lumpur-malaysia","Mandarin Oriental, Kuala Lumpur","https://media.virtuoso.com/m/Images/Brochures/3901_2_0_0311.jpg"
"404_BROKEN","mandarin-oriental-prague-czech-republic","Mandarin Oriental, Prague","https://media.virtuoso.com/m/Images/Brochures/3891_2_1_0311.jpg"
"404_BROKEN","mandarin-oriental-tokyo-japan","Mandarin Oriental, Tokyo","https://media.virtuoso.com/m/Images/Brochures/4010_2_1_0306.jpg"
"404_BROKEN","manna-greece","MANNA","https://media.virtuoso.com/m/Images/Brochures/18048737_2_0_0311.jpg"
"404_BROKEN","manoir-hovey-canada","Manoir Hovey","https://media.virtuoso.com/m/Images/Brochures/12091209_2_0_0301.jpg"
"404_BROKEN","mashpi-lodge-ecuador","Mashpi Lodge","https://media.virtuoso.com/m/Images/Brochures/12041365_2_0_0310.jpg"
"404_BROKEN","masseria-san-domenico-italy","Masseria San Domenico","https://media.virtuoso.com/m/Images/Brochures/3976_2_25_0311.jpg"
"404_BROKEN","mauna-kea-beach-hotel-autograph-collection-united-states","Mauna Kea Beach Hotel, Autograph Collection","https://media.virtuoso.com/m/Images/Brochures/4552_2_2_0310.jpg"
"404_BROKEN","meadowood-napa-valley-united-states","Meadowood Napa Valley","https://media.virtuoso.com/m/Images/Brochures/3780_2_2_0228.jpg"
"404_BROKEN","montage-laguna-beach-united-states","Montage Laguna Beach","https://media.virtuoso.com/m/Images/Brochures/3797_2_0_0225.jpg"
"404_BROKEN","montage-palmetto-bluff-united-states","Montage Palmetto Bluff","https://media.virtuoso.com/m/Images/Brochures/4581_2_0_0312.jpg"
"404_BROKEN","motu-nao-nao-french-polynesia","Motu Nao Nao","https://media.virtuoso.com/m/Images/Brochures/16692369_2_0_0226.jpg"
"404_BROKEN","muir-a-luxury-collection-hotel-halifax-canada","Muir, a Luxury Collection Hotel, Halifax","https://media.virtuoso.com/m/Images/Brochures/16287390_2_0_0221.jpg"
"404_BROKEN","mykonos-grand-hotel-resort-greece","Mykonos Grand Hotel & Resort","https://media.virtuoso.com/m/Images/Brochures/15883196_2_0_0226.jpg"
"404_BROKEN","mystique-a-luxury-collection-hotel-santorini-greece","Mystique, a Luxury Collection Hotel, Santorini","https://media.virtuoso.com/m/Images/Brochures/2589_2_0_0311.jpg"
"404_BROKEN","nekajui-a-ritz-carlton-reserve-costa-rica","Nekajui, a Ritz-Carlton Reserve","https://media.virtuoso.com/m/Images/Brochures/18099055_2_0_0308.jpg"
"404_BROKEN","nimb-denmark","Nimb","https://media.virtuoso.com/m/Images/Brochures/4374_2_0_0310.jpg"
"404_BROKEN","nobu-hotel-chicago-united-states","Nobu Hotel Chicago","https://media.virtuoso.com/m/Images/Brochures/18053463_2_0_0308.jpg"
"404_BROKEN","nobu-hotel-london-portman-square-united-kingdom","Nobu Hotel London Portman Square","https://media.virtuoso.com/m/Images/Brochures/16585535_2_0_0310.jpg"
"404_BROKEN","nos-santorini-greece","NOŪS Santorini","https://media.virtuoso.com/m/Images/Brochures/16571538_2_64_0307.jpg"
"404_BROKEN","o2-beach-club-spa-barbados","O2 Beach Club & Spa","https://media.virtuoso.com/m/Images/Brochures/16930957_2_0_0310.jpg"
"404_BROKEN","ocean-house-united-states","Ocean House","https://media.virtuoso.com/m/Images/Brochures/6160153_2_0_0318.jpg"
"404_BROKEN","ojai-valley-inn-united-states","Ojai Valley Inn","https://media.virtuoso.com/m/Images/Brochures/4488_2_0_0311.jpg"
"404_BROKEN","olissippo-lapa-palace-portugal","Olissippo Lapa Palace","https://media.virtuoso.com/m/Images/Brochures/4263_2_0_0309.jpg"
"404_BROKEN","oneonly-aesthesis-greece","One&Only Aesthesis","https://media.virtuoso.com/m/Images/Brochures/16465667_2_0_0226.jpg"
"404_BROKEN","oneonly-cape-town-south-africa","One&Only Cape Town","https://media.virtuoso.com/m/Images/Brochures/4663_2_0_0312.jpg"
"404_BROKEN","oneonly-ka-island-greece","One&Only Kéa Island","https://media.virtuoso.com/m/Images/Brochures/16568520_2_0_0312.jpg"
"404_BROKEN","oneonly-mandarina-mexico","One&Only Mandarina","https://media.virtuoso.com/m/Images/Brochures/15876144_2_36_0226.jpg"
"404_BROKEN","oneonly-one-zaabeel-united-arab-emirates","One&Only One Za’abeel","https://media.virtuoso.com/m/Images/Brochures/16767632_2_4_0314.jpg"
"404_BROKEN","oneonly-royal-mirage-united-arab-emirates","One&Only Royal Mirage","https://media.virtuoso.com/m/Images/Brochures/3832_2_0_0313.jpg"
"404_BROKEN","our-habitas-bacalar-mexico","Our Habitas Bacalar","https://media.virtuoso.com/m/Images/Brochures/16585527_2_0_0310.jpg"
"404_BROKEN","palacio-duhau-park-hyatt-buenos-aires-argentina","Palacio Duhau - Park Hyatt Buenos Aires","https://media.virtuoso.com/m/Images/Brochures/4119_2_0_0308.jpg"
"404_BROKEN","palais-coburg-residenz-austria","Palais Coburg Residenz","https://media.virtuoso.com/m/Images/Brochures/15552848_2_0_0309.jpg"
"404_BROKEN","palazzo-avino-italy","Palazzo Avino","https://media.virtuoso.com/m/Images/Brochures/4312_2_47_0310.jpg"
"404_BROKEN","palazzo-fiuggi-italy","Palazzo Fiuggi","https://media.virtuoso.com/m/Images/Brochures/16383205_2_2_0221.jpg"
"404_BROKEN","palazzo-seneca-italy","Palazzo Seneca","https://media.virtuoso.com/m/Images/Brochures/11649134_2_0_0222.jpg"
"404_BROKEN","palazzo-venart-luxury-hotel-italy","Palazzo Venart Luxury Hotel","https://media.virtuoso.com/m/Images/Brochures/16752131_2_0_0314.jpg"
"404_BROKEN","paradero-todos-santos-mexico","Paradero Todos Santos","https://media.virtuoso.com/m/Images/Brochures/18048733_2_0_0309.jpg"
"404_BROKEN","parador-of-santiago-de-compostela-spain","Parador of Santiago de Compostela","https://media.virtuoso.com/m/Images/Brochures/213011_2_0_0312.jpg"
"404_BROKEN","prisi-udvar-hotel-budapest-in-the-unbound-collection-by-hyatt-hungary","Párisi Udvar Hotel Budapest, in The Unbound Collection by Hyatt","https://media.virtuoso.com/m/Images/Brochures/18048712_2_0_0310.jpg"
"404_BROKEN","park-hyatt-aviara-resort-golf-club-and-spa-united-states","Park Hyatt Aviara Resort, Golf Club and Spa","https://media.virtuoso.com/m/Images/Brochures/4524_2_27_0311.jpg"
"404_BROKEN","park-hyatt-beijing-china","Park Hyatt Beijing","https://media.virtuoso.com/m/Images/Brochures/4239375_2_0_0313.jpg"
"404_BROKEN","park-hyatt-istanbul-macka-palas-turkey","Park Hyatt Istanbul - Macka Palas","https://media.virtuoso.com/m/Images/Brochures/5300660_2_3_0315.jpg"
"404_BROKEN","park-hyatt-marrakech-morocco","Park Hyatt Marrakech","https://media.virtuoso.com/m/Images/Brochures/18218801_2_0_0225.jpg"
"404_BROKEN","park-hyatt-melbourne-australia","Park Hyatt Melbourne","https://media.virtuoso.com/m/Images/Brochures/4438_2_0_0316.jpg"
"404_BROKEN","park-hyatt-milano-italy","Park Hyatt Milano","https://media.virtuoso.com/m/Images/Brochures/4475_2_57_0309.jpg"
"404_BROKEN","park-hyatt-new-york-united-states","Park Hyatt New York","https://media.virtuoso.com/m/Images/Brochures/12629666_2_0_0310.jpg"
"404_BROKEN","park-hyatt-paris-vendome-france","Park Hyatt Paris-Vendome","https://media.virtuoso.com/m/Images/Brochures/4354_2_0_0310.jpg"
"404_BROKEN","park-hyatt-seoul-south-korea","Park Hyatt Seoul","https://media.virtuoso.com/m/Images/Brochures/4031_2_0_0311.jpg"
"404_BROKEN","park-hyatt-siem-reap-cambodia","Park Hyatt Siem Reap","https://media.virtuoso.com/m/Images/Brochures/687867_2_63_0312.jpg"
"404_BROKEN","park-hyatt-sydney-australia","Park Hyatt Sydney","https://media.virtuoso.com/m/Images/Brochures/4072_2_0_0308.jpg"
"404_BROKEN","park-hyatt-zurich-switzerland","Park Hyatt Zurich","https://media.virtuoso.com/m/Images/Brochures/4450_2_4_0311.jpg"
"404_BROKEN","parklane-a-luxury-collection-resort-spa-limassol-cyprus","Parklane, a Luxury Collection Resort & Spa, Limassol","https://media.virtuoso.com/m/Images/Brochures/16477750_2_0_0227.jpg"
"404_BROKEN","passalacqua-italy","Passalacqua","https://media.virtuoso.com/m/Images/Brochures/16360291_2_0_0224.jpg"
"404_BROKEN","patina-osaka-japan","Patina Osaka","https://media.virtuoso.com/m/Images/Brochures/18391398_2_0_0311.jpg"
"404_BROKEN","pendry-san-diego-united-states","Pendry San Diego","https://media.virtuoso.com/m/Images/Brochures/15492863_2_0_0309.jpg"
"404_BROKEN","petra-segreta-resort-spa-italy","Petra Segreta Resort & Spa","https://media.virtuoso.com/m/Images/Brochures/18231287_2_0_0326.jpg"
"404_BROKEN","porto-zante-villas-spa-greece","Porto Zante Villas & Spa","https://media.virtuoso.com/m/Images/Brochures/15634696_2_0_0306.jpg"
"404_BROKEN","powerscourt-hotel-resort-spa-ireland","Powerscourt Hotel Resort Spa","https://media.virtuoso.com/m/Images/Brochures/1690778_2_0_0313.jpg"
"404_BROKEN","principe-forte-dei-marmi-italy","Principe Forte dei Marmi","https://media.virtuoso.com/m/Images/Brochures/15450335_2_0_0310.jpg"
"404_BROKEN","qualia-great-barrier-reef-australia","qualia, Great Barrier Reef","https://media.virtuoso.com/m/Images/Brochures/3734_2_8_0227.jpg"
"404_BROKEN","raffles-boston-united-states","Raffles Boston","https://media.virtuoso.com/m/Images/Brochures/16508159_2_0_0308.jpg"
"404_BROKEN","raffles-dubai-united-arab-emirates","Raffles Dubai","https://media.virtuoso.com/m/Images/Brochures/11275367_2_0_0228.jpg"
"404_BROKEN","raffles-makati-philippines","Raffles Makati","https://media.virtuoso.com/m/Images/Brochures/14363642_2_0_0305.jpg"
"404_BROKEN","rakxa-integrative-wellness-thailand","RAKxa Integrative Wellness","https://media.virtuoso.com/m/Images/Brochures/16641081_2_0_0311.jpg"
"404_BROKEN","rancho-santana-nicaragua","Rancho Santana","https://media.virtuoso.com/m/Images/Brochures/18074760_2_1_0301.jpg"
"404_BROKEN","relais-roncolo-1888-italy","Relais Roncolo 1888","https://media.virtuoso.com/m/Images/Brochures/18374927_2_0_0318.jpg"
"404_BROKEN","rio-sagrado-a-belmond-hotel-sacred-valley-peru","Rio Sagrado, A Belmond Hotel, Sacred Valley","https://media.virtuoso.com/m/Images/Brochures/6160141_2_0_0314.jpg"
"404_BROKEN","ritz-paris-france","Ritz Paris","https://media.virtuoso.com/m/Images/Brochures/3805_2_0_0228.jpg"
"404_BROKEN","rockresorts-the-arrabelle-at-vail-square-united-states","RockResorts - The Arrabelle at Vail Square","https://media.virtuoso.com/m/Images/Brochures/4395_2_0_0311.jpg"
"404_BROKEN","romeo-hotel-italy","Romeo hotel","https://media.virtuoso.com/m/Images/Brochures/848462_2_0_0312.jpg"
"404_BROKEN","rosapetra-spa-resort-italy","Rosapetra Spa Resort","https://media.virtuoso.com/m/Images/Brochures/18273695_2_0_0309.jpg"
"404_BROKEN","rosewood-amsterdam-netherlands","Rosewood Amsterdam","https://media.virtuoso.com/m/Images/Brochures/16767640_2_0_0308.jpg"
"404_BROKEN","rosewood-bermuda-bermuda","Rosewood Bermuda","https://media.virtuoso.com/m/Images/Brochures/5088368_2_1_0313.jpg"
"404_BROKEN","rosewood-little-dix-bay-british-virgin-islands","Rosewood Little Dix Bay","https://media.virtuoso.com/m/Images/Brochures/4253_2_16_0309.jpg"
"404_BROKEN","rosewood-mansion-on-turtle-creek-united-states","Rosewood Mansion On Turtle Creek","https://media.virtuoso.com/m/Images/Brochures/4587_2_7_0303.jpg"
"404_BROKEN","rosewood-vienna-austria","Rosewood Vienna","https://media.virtuoso.com/m/Images/Brochures/16568516_2_0_0309.jpg"
"404_BROKEN","rosselli-ax-privilege-malta","Rosselli AX Privilege","https://media.virtuoso.com/m/Images/Brochures/18089362_2_0_0309.jpg"
"404_BROKEN","royal-palms-resort-and-spa-united-states","Royal Palms Resort and Spa","https://media.virtuoso.com/m/Images/Brochures/4371_2_0_0310.jpg"
"404_BROKEN","salamander-middleburg-united-states","Salamander Middleburg","https://media.virtuoso.com/m/Images/Brochures/14729722_2_0_0314.jpg"
"404_BROKEN","salamander-washington-dc-united-states","Salamander Washington DC","https://media.virtuoso.com/m/Images/Brochures/4095_2_1_0308.jpg"
"404_BROKEN","salterra-a-luxury-collection-resort-spa-south-caicos-turks-and-caicos-islands","Salterra, a Luxury Collection Resort & Spa, South Caicos","https://media.virtuoso.com/m/Images/Brochures/18376322_2_0_0226.jpg"
"404_BROKEN","san-canzian-hotel-residences-croatia","San Canzian Hotel & Residences","https://media.virtuoso.com/m/Images/Brochures/16930093_2_0_0224.jpg"
"404_BROKEN","san-ysidro-ranch-united-states","San Ysidro Ranch","https://media.virtuoso.com/m/Images/Brochures/4180_2_0_0309.jpg"
"404_BROKEN","sani-asterias-at-sani-resort-greece","Sani Asterias at Sani Resort","https://media.virtuoso.com/m/Images/Brochures/15573350_2_0_0224.jpg"
"404_BROKEN","santa-marina-a-luxury-collection-resort-mykonos-greece","Santa Marina, a Luxury Collection Resort, Mykonos","https://media.virtuoso.com/m/Images/Brochures/2645_2_0_0316.jpg"
"404_BROKEN","santa-monica-proper-united-states","Santa Monica Proper","https://media.virtuoso.com/m/Images/Brochures/16907107_2_0_0225.jpg"
"404_BROKEN","saxon-hotel-villas-spa-south-africa","Saxon Hotel, Villas & Spa","https://media.virtuoso.com/m/Images/Brochures/4562_2_0_0311.jpg"
"404_BROKEN","selman-marrakech-morocco","Selman Marrakech","https://media.virtuoso.com/m/Images/Brochures/16383241_2_5_0312.jpg"
"404_BROKEN","shangri-la-china-world-summit-wing-beijing-china","Shangri-La China World Summit Wing, Beijing","https://media.virtuoso.com/m/Images/Brochures/6160086_2_10_0315.jpg"
"404_BROKEN","shangri-la-jeddah-saudi-arabia","Shangri-La Jeddah","https://media.virtuoso.com/m/Images/Brochures/16352958_2_0_0304.jpg"
"404_BROKEN","shangri-la-paris-france","Shangri-La Paris","https://media.virtuoso.com/m/Images/Brochures/11133720_2_0_0306.jpg"
"404_BROKEN","six-senses-kaplankaya-turkey","Six Senses Kaplankaya","https://media.virtuoso.com/m/Images/Brochures/16707500_2_0_0311.jpg"
"404_BROKEN","six-senses-rome-italy","Six Senses Rome","https://media.virtuoso.com/m/Images/Brochures/16648038_2_0_0311.jpg"
"404_BROKEN","six-senses-yao-noi-thailand","Six Senses Yao Noi","https://media.virtuoso.com/m/Images/Brochures/4021_2_0_0311.jpg"
"404_BROKEN","so-auckland-new-zealand","SO/ Auckland","https://media.virtuoso.com/m/Images/Brochures/15991908_2_3_0227.jpg"
"404_BROKEN","so-berlin-das-stue-germany","SO/ Berlin Das Stue","https://media.virtuoso.com/m/Images/Brochures/14853603_2_13_0322.jpg"
"404_BROKEN","sofitel-chicago-magnificent-mile-united-states","Sofitel Chicago Magnificent Mile","https://media.virtuoso.com/m/Images/Brochures/4601_2_0_0312.jpg"
"404_BROKEN","sofitel-kia-ora-moorea-beach-resort-french-polynesia","Sofitel Kia Ora Moorea Beach Resort","https://media.virtuoso.com/m/Images/Brochures/16395455_2_0_0308.jpg"
"404_BROKEN","sofitel-mexico-city-reforma-mexico","Sofitel Mexico City Reforma","https://media.virtuoso.com/m/Images/Brochures/15996396_2_0_0227.jpg"
"404_BROKEN","solaz-a-luxury-collection-resort-los-cabos-mexico","Solaz, a Luxury Collection Resort Los Cabos","https://media.virtuoso.com/m/Images/Brochures/16158607_2_0_0225.jpg"
"404_BROKEN","sommerro-norway","Sommerro","https://media.virtuoso.com/m/Images/Brochures/16780947_2_0_0315.jpg"
"404_BROKEN","songtsam-linka-retreat-lhasa-china","Songtsam Linka Retreat Lhasa","https://media.virtuoso.com/m/Images/Brochures/16429645_2_0_0226.jpg"
"404_BROKEN","sonora-resort-canada-canada","Sonora Resort Canada","https://media.virtuoso.com/m/Images/Brochures/5597880_2_0_0315.jpg"
"404_BROKEN","southall-farm-inn-united-states","Southall Farm & Inn","https://media.virtuoso.com/m/Images/Brochures/16707492_2_18_0305.jpg"
"404_BROKEN","spicers-peak-lodge-australia","Spicers Peak Lodge","https://media.virtuoso.com/m/Images/Brochures/16389589_2_1_0221.jpg"
"404_BROKEN","splendido-a-belmond-hotel-portofino-italy","Splendido, A Belmond Hotel, Portofino","https://media.virtuoso.com/m/Images/Brochures/4595_2_1_0302.jpg"
"404_BROKEN","st-nicolas-bay-resort-hotel-villas-greece","St. Nicolas Bay Resort Hotel & Villas","https://media.virtuoso.com/m/Images/Brochures/16767574_2_0_0314.jpg"
"404_BROKEN","steigenberger-icon-frankfurter-hof-germany","Steigenberger Icon Frankfurter Hof","https://media.virtuoso.com/m/Images/Brochures/16393424_2_0_0305.jpg"
"404_BROKEN","steigenberger-icon-wiltchers-belgium","Steigenberger Icon Wiltcher's","https://media.virtuoso.com/m/Images/Brochures/15658702_2_17_0307.jpg"
"404_BROKEN","sundance-mountain-resort-united-states","Sundance Mountain Resort","https://media.virtuoso.com/m/Images/Brochures/4296_2_0_0310.jpg"
"404_BROKEN","sur-mesure-private-homes-france","Sur-Mesure Private Homes","https://media.virtuoso.com/m/Images/Brochures/18333788_2_0_0318.jpg"
"404_BROKEN","susona-bodrum-lxr-hotels-resorts-turkey","Susona Bodrum, LXR Hotels & Resorts","https://media.virtuoso.com/m/Images/Brochures/16201058_2_5_0301.jpg"
"404_BROKEN","taj-cape-town-south-africa","Taj Cape Town","https://media.virtuoso.com/m/Images/Brochures/5870530_2_12_0313.jpg"
"404_BROKEN","taj-falaknuma-palace-india","Taj Falaknuma Palace","https://media.virtuoso.com/m/Images/Brochures/5898570_2_0_0313.jpg"
"404_BROKEN","taj-mahal-new-delhi-india","Taj Mahal New Delhi","https://media.virtuoso.com/m/Images/Brochures/3931_2_0_0311.jpg"
"404_BROKEN","terre-blanche-htel-spa-golf-resort-france","Terre Blanche Hôtel Spa Golf Resort","https://media.virtuoso.com/m/Images/Brochures/3871_2_0_0304.jpg"
"404_BROKEN","the-amauris-vienna-austria","The Amauris Vienna","https://media.virtuoso.com/m/Images/Brochures/18052948_2_0_0315.jpg"
"404_BROKEN","the-artist-grand-hotel-of-art-spain","The Artist Grand Hotel of Art","https://media.virtuoso.com/m/Images/Brochures/6946547_2_16_0314.jpg"
"404_BROKEN","the-berkeley-london-united-kingdom","The Berkeley, London","https://media.virtuoso.com/m/Images/Brochures/4471_2_0_0325.jpg"
"404_BROKEN","the-calile-brisbane-australia","The Calile Brisbane","https://media.virtuoso.com/m/Images/Brochures/17906048_2_0_0223.jpg"
"404_BROKEN","the-canyon-suites-at-the-phoenician-a-luxury-collection-resort-scottsdale-united-states","The Canyon Suites at The Phoenician, a Luxury Collection Resort, Scottsdale","https://media.virtuoso.com/m/Images/Brochures/4173456_2_32_0310.jpg"
"404_BROKEN","the-charleston-place-united-states","The Charleston Place","https://media.virtuoso.com/m/Images/Brochures/3398_2_11_0227.jpg"
"404_BROKEN","the-chatwal-lodge-united-states","The Chatwal Lodge","https://media.virtuoso.com/m/Images/Brochures/16896477_2_0_0224.jpg"
"404_BROKEN","the-connaught-london-united-kingdom","The Connaught, London","https://media.virtuoso.com/m/Images/Brochures/4415_2_0_0315.jpg"
"404_BROKEN","the-edinburgh-grand-a-luxury-collection-hotel-edinburgh-united-kingdom","The Edinburgh Grand, a Luxury Collection Hotel, Edinburgh","https://media.virtuoso.com/m/Images/Brochures/16353010_2_0_0310.jpg"
"404_BROKEN","the-europe-hotel-resort-ireland","The Europe Hotel & Resort","https://media.virtuoso.com/m/Images/Brochures/16503239_2_0_0302.jpg"
"404_BROKEN","the-excelsior-a-luxury-collection-hotel-florence-italy","The Excelsior, a Luxury Collection Hotel, Florence","https://media.virtuoso.com/m/Images/Brochures/4641_2_0_0307.jpg"
"404_BROKEN","the-fairmont-chateau-lake-louise-canada","The Fairmont Chateau Lake Louise","https://media.virtuoso.com/m/Images/Brochures/4580_2_0_0311.jpg"
"404_BROKEN","the-fairmont-chateau-whistler-canada","The Fairmont Chateau Whistler","https://media.virtuoso.com/m/Images/Brochures/4466_2_7_0311.jpg"
"404_BROKEN","the-grand-york-united-kingdom","The Grand, York","https://media.virtuoso.com/m/Images/Brochures/16021349_2_4_0226.jpg"
"404_BROKEN","the-greenwich-hotel-united-states","The Greenwich Hotel","https://media.virtuoso.com/m/Images/Brochures/6606584_2_4_0314.jpg"
"404_BROKEN","the-gritti-palace-a-luxury-collection-hotel-venice-italy","The Gritti Palace, a Luxury Collection Hotel, Venice","https://media.virtuoso.com/m/Images/Brochures/4579_2_109_0309.jpg"
"404_BROKEN","the-hay-adams-united-states","The Hay-Adams","https://media.virtuoso.com/m/Images/Brochures/4599_2_0_0312.jpg"
"404_BROKEN","the-hazelton-hotel-canada","The Hazelton Hotel","https://media.virtuoso.com/m/Images/Brochures/3964_2_0_0316.jpg"
"404_BROKEN","the-hermitage-hotel-nashville-united-states","The Hermitage Hotel Nashville","https://media.virtuoso.com/m/Images/Brochures/3736_2_7_0227.jpg"
"404_BROKEN","the-huntington-hotel-a-virtuoso-preview-property-united-states","The Huntington Hotel - A Virtuoso Preview Property","https://media.virtuoso.com/m/Images/Brochures/18222634_2_0_0221.jpg"
"404_BROKEN","the-imperial-new-delhi-india","The Imperial New Delhi","https://media.virtuoso.com/m/Images/Brochures/4218_2_0_0301.jpg"
"404_BROKEN","the-inns-of-aurora-united-states","The Inns of Aurora","https://media.virtuoso.com/m/Images/Brochures/16393432_2_66_0221.jpg"
"404_BROKEN","the-k-club-ireland","The K Club","https://media.virtuoso.com/m/Images/Brochures/3793_2_0_0228.jpg"
"404_BROKEN","the-landmark-mandarin-oriental-hong-kong-china","The Landmark Mandarin Oriental, Hong Kong","https://media.virtuoso.com/m/Images/Brochures/3769_2_0_0312.jpg"
"404_BROKEN","the-langham-boston-united-states","The Langham, Boston","https://media.virtuoso.com/m/Images/Brochures/16005996_2_0_0227.jpg"
"404_BROKEN","the-langham-new-york-fifth-avenue-united-states","The Langham, New York, Fifth Avenue","https://media.virtuoso.com/m/Images/Brochures/11130968_2_0_0303.jpg"
"404_BROKEN","the-langham-sydney-australia","The Langham, Sydney","https://media.virtuoso.com/m/Images/Brochures/3785_2_3_0309.jpg"
"404_BROKEN","the-largo-portugal","The Largo","https://media.virtuoso.com/m/Images/Brochures/18382401_2_0_0326.jpg"
"404_BROKEN","the-leela-palace-udaipur-india","The Leela Palace Udaipur","https://media.virtuoso.com/m/Images/Brochures/14158257_2_0_0307.jpg"
"404_BROKEN","the-lodge-at-spruce-peak-united-states","The Lodge at Spruce Peak","https://media.virtuoso.com/m/Images/Brochures/66239_2_0_0312.jpg"
"404_BROKEN","the-lodge-at-torrey-pines-united-states","The Lodge at Torrey Pines","https://media.virtuoso.com/m/Images/Brochures/4376_2_0_0302.jpg"
"404_BROKEN","the-lowell-united-states","The Lowell","https://media.virtuoso.com/m/Images/Brochures/4083_2_115_0312.jpg"
"404_BROKEN","the-madrid-edition-spain","The Madrid EDITION","https://media.virtuoso.com/m/Images/Brochures/16301729_2_0_0303.jpg"
"404_BROKEN","the-nautilus-maldives-maldives","The Nautilus Maldives","https://media.virtuoso.com/m/Images/Brochures/16377194_2_0_0304.jpg"
"404_BROKEN","the-oberoi-beach-resort-mauritius-mauritius","The Oberoi Beach Resort, Mauritius","https://media.virtuoso.com/m/Images/Brochures/4570_2_0_0311.jpg"
"404_BROKEN","the-oberoi-udaivilas-udaipur-india","The Oberoi Udaivilas, Udaipur","https://media.virtuoso.com/m/Images/Brochures/4139_2_1_0308.jpg"
"404_BROKEN","the-oberoi-zahra-luxury-nile-cruise-egypt","The Oberoi Zahra, Luxury Nile Cruise","https://media.virtuoso.com/m/Images/Brochures/1174687_2_0_0307.jpg"
"404_BROKEN","the-oberoi-new-delhi-india","The Oberoi, New Delhi","https://media.virtuoso.com/m/Images/Brochures/4628_2_4_0312.jpg"
"404_BROKEN","the-ocean-club-a-four-seasons-resort-bahamas-bahamas","The Ocean Club, A Four Seasons Resort, Bahamas","https://media.virtuoso.com/m/Images/Brochures/4271_2_0_0306.jpg"
"404_BROKEN","the-one-monumental-palace-portugal","The One Monumental Palace","https://media.virtuoso.com/m/Images/Brochures/16508161_2_0_0308.jpg"
"404_BROKEN","the-palms-turks-caicos-turks-and-caicos-islands","The Palms Turks & Caicos","https://media.virtuoso.com/m/Images/Brochures/12038111_2_0_0310.jpg"
"404_BROKEN","the-peninsula-bangkok-thailand","The Peninsula Bangkok","https://media.virtuoso.com/m/Images/Brochures/4258_2_0_0309.jpg"
"404_BROKEN","the-peninsula-beijing-china","The Peninsula Beijing","https://media.virtuoso.com/m/Images/Brochures/4498_2_28_0311.jpg"
"404_BROKEN","the-peninsula-hong-kong-china","The Peninsula Hong Kong","https://media.virtuoso.com/m/Images/Brochures/3760_2_0_0228.jpg"
"404_BROKEN","the-peninsula-istanbul-turkey","The Peninsula Istanbul","https://media.virtuoso.com/m/Images/Brochures/16403612_2_0_0308.jpg"
"404_BROKEN","the-phoenicia-malta-malta","The Phoenicia Malta","https://media.virtuoso.com/m/Images/Brochures/16579930_2_0_0310.jpg"
"404_BROKEN","the-phoenician-a-luxury-collection-resort-scottsdale-united-states","The Phoenician, a Luxury Collection Resort, Scottsdale","https://media.virtuoso.com/m/Images/Brochures/3831_2_9_0303.jpg"
"404_BROKEN","the-pierre-a-taj-hotel-new-york-united-states","The Pierre, a Taj Hotel, New York","https://media.virtuoso.com/m/Images/Brochures/4273_2_0_0309.jpg"
"404_BROKEN","the-puli-shanghai-china","The PuLi Shanghai","https://media.virtuoso.com/m/Images/Brochures/5601896_2_2_0313.jpg"
"404_BROKEN","the-reef-at-atlantis-bahamas","The Reef at Atlantis","https://media.virtuoso.com/m/Images/Brochures/4631_2_0_0308.jpg"
"404_BROKEN","the-reykjavik-edition-iceland","The Reykjavik EDITION","https://media.virtuoso.com/m/Images/Brochures/16235979_2_1_0303.jpg"
"404_BROKEN","the-ritz-carlton-beijing-financial-street-china","The Ritz-Carlton Beijing, Financial Street","https://media.virtuoso.com/m/Images/Brochures/4436_2_9_0311.jpg"
"404_BROKEN","the-ritz-carlton-chicago-united-states","The Ritz-Carlton Chicago","https://media.virtuoso.com/m/Images/Brochures/4308574_2_4_0313.jpg"
"404_BROKEN","the-ritz-carlton-oahu-turtle-bay-united-states","The Ritz-Carlton Oʻahu, Turtle Bay","https://media.virtuoso.com/m/Images/Brochures/16568518_2_0_0309.jpg"
"404_BROKEN","the-ritz-carlton-ras-al-khaimah-al-wadi-desert-united-arab-emirates","The Ritz-Carlton Ras Al Khaimah, Al Wadi Desert","https://media.virtuoso.com/m/Images/Brochures/18213257_2_0_0227.jpg"
"404_BROKEN","the-ritz-carlton-reynolds-lake-oconee-united-states","The Ritz-Carlton Reynolds, Lake Oconee","https://media.virtuoso.com/m/Images/Brochures/6647337_2_0_0316.jpg"
"404_BROKEN","the-ritz-carlton-shanghai-pudong-china","The Ritz-Carlton Shanghai, Pudong","https://media.virtuoso.com/m/Images/Brochures/5940532_2_0_0303.jpg"
"404_BROKEN","the-ritz-carlton-dove-mountain-united-states","The Ritz-Carlton, Dove Mountain","https://media.virtuoso.com/m/Images/Brochures/4956814_2_0_0313.jpg"
"404_BROKEN","the-ritz-carlton-half-moon-bay-united-states","The Ritz-Carlton, Half Moon Bay","https://media.virtuoso.com/m/Images/Brochures/4156_2_0_0228.jpg"
"404_BROKEN","the-ritz-carlton-hong-kong-china","The Ritz-Carlton, Hong Kong","https://media.virtuoso.com/m/Images/Brochures/6769318_2_5_0314.jpg"
"404_BROKEN","the-ritz-carlton-laguna-niguel-united-states","The Ritz-Carlton, Laguna Niguel","https://media.virtuoso.com/m/Images/Brochures/4490_2_0_0301.jpg"
"404_BROKEN","the-ritz-carlton-millenia-singapore-singapore","The Ritz-Carlton, Millenia Singapore","https://media.virtuoso.com/m/Images/Brochures/3812_2_0_0303.jpg"
"404_BROKEN","the-ritz-carlton-new-orleans-united-states","The Ritz-Carlton, New Orleans","https://media.virtuoso.com/m/Images/Brochures/4206_2_0_0309.jpg"
"404_BROKEN","the-ritz-carlton-osaka-japan","The Ritz-Carlton, Osaka","https://media.virtuoso.com/m/Images/Brochures/15424109_2_0_0223.jpg"
"404_BROKEN","the-ritz-carlton-san-juan-puerto-rico","The Ritz-Carlton, San Juan","https://media.virtuoso.com/m/Images/Brochures/4197_2_0_0309.jpg"
"404_BROKEN","the-ritz-carlton-south-beach-united-states","The Ritz-Carlton, South Beach","https://media.virtuoso.com/m/Images/Brochures/3973_2_0_0306.jpg"
"404_BROKEN","the-ritz-carlton-turks-caicos-turks-and-caicos-islands","The Ritz-Carlton, Turks & Caicos","https://media.virtuoso.com/m/Images/Brochures/16178080_2_0_0301.jpg"
"404_BROKEN","the-ritz-carlton-vienna-austria","The Ritz-Carlton, Vienna","https://media.virtuoso.com/m/Images/Brochures/12014338_2_0_0226.jpg"
"404_BROKEN","the-royal-crescent-hotel-spa-united-kingdom","The Royal Crescent Hotel & Spa","https://media.virtuoso.com/m/Images/Brochures/15366860_2_53_0319.jpg"
"404_BROKEN","the-royal-livingstone-anantara-zambia","The Royal Livingstone Anantara","https://media.virtuoso.com/m/Images/Brochures/4668_2_0_0312.jpg"
"404_BROKEN","the-samling-hotel-united-kingdom","The Samling Hotel","https://media.virtuoso.com/m/Images/Brochures/16118033_2_0_0228.jpg"
"404_BROKEN","the-seabird-ocean-resort-spa-united-states","The Seabird Ocean Resort & Spa","https://media.virtuoso.com/m/Images/Brochures/16594306_2_0_0310.jpg"
"404_BROKEN","the-st-regis-aspen-resort-united-states","The St. Regis Aspen Resort","https://media.virtuoso.com/m/Images/Brochures/4419_2_0_0314.jpg"
"404_BROKEN","the-st-regis-atlanta-united-states","The St. Regis Atlanta","https://media.virtuoso.com/m/Images/Brochures/1690724_2_0_0313.jpg"
"404_BROKEN","the-st-regis-bali-resort-indonesia","The St. Regis Bali Resort","https://media.virtuoso.com/m/Images/Brochures/6606680_2_0_0303.jpg"
"404_BROKEN","the-st-regis-bermuda-resort-bermuda","The St. Regis Bermuda Resort","https://media.virtuoso.com/m/Images/Brochures/16198050_2_0_0301.jpg"
"404_BROKEN","the-st-regis-bora-bora-resort-french-polynesia","The St. Regis Bora Bora Resort","https://media.virtuoso.com/m/Images/Brochures/4173_2_0_0309.jpg"
"404_BROKEN","the-st-regis-hong-kong-china","The St. Regis Hong Kong","https://media.virtuoso.com/m/Images/Brochures/15889282_2_1_0307.jpg"
"404_BROKEN","the-st-regis-maldives-vommuli-resort-maldives","The St. Regis Maldives Vommuli Resort","https://media.virtuoso.com/m/Images/Brochures/15577238_2_9_0303.jpg"
"404_BROKEN","the-st-regis-new-york-united-states","The St. Regis New York","https://media.virtuoso.com/m/Images/Brochures/4634_2_0_0312.jpg"
"404_BROKEN","the-st-regis-red-sea-resort-saudi-arabia","The St. Regis Red Sea Resort","https://media.virtuoso.com/m/Images/Brochures/18052042_2_0_0225.jpg"
"404_BROKEN","the-st-regis-rome-italy","The St. Regis Rome","https://media.virtuoso.com/m/Images/Brochures/3889_2_1_0304.jpg"
"404_BROKEN","the-st-regis-san-francisco-united-states","The St. Regis San Francisco","https://media.virtuoso.com/m/Images/Brochures/4099_2_19_0312.jpg"
"404_BROKEN","the-st-regis-venice-italy","The St. Regis Venice","https://media.virtuoso.com/m/Images/Brochures/4417_2_0_0302.jpg"
"404_BROKEN","the-st-regis-washington-dc-united-states","The St. Regis Washington, DC","https://media.virtuoso.com/m/Images/Brochures/4640_2_0_0228.jpg"
"404_BROKEN","the-stafford-london-united-kingdom","The Stafford London","https://media.virtuoso.com/m/Images/Brochures/3836_2_0_0318.jpg"
"404_BROKEN","the-tides-inn-united-states","The Tides Inn","https://media.virtuoso.com/m/Images/Brochures/18375306_2_0_0312.jpg"
"404_BROKEN","the-twelve-apostles-hotel-spa-south-africa","The Twelve Apostles Hotel & Spa","https://media.virtuoso.com/m/Images/Brochures/4577_2_0_0222.jpg"
"404_BROKEN","the-us-grant-a-luxury-collection-hotel-san-diego-united-states","THE US GRANT, a Luxury Collection Hotel, San Diego","https://media.virtuoso.com/m/Images/Brochures/4517_2_0_0311.jpg"
"404_BROKEN","the-woodward-auberge-collection-switzerland","The Woodward, Auberge Collection","https://media.virtuoso.com/m/Images/Brochures/16259174_2_1_0314.jpg"
"404_BROKEN","thompson-houston-united-states","Thompson Houston","https://media.virtuoso.com/m/Images/Brochures/18067796_2_0_0314.jpg"
"404_BROKEN","thompson-madrid-by-hyatt-spain","Thompson Madrid, by Hyatt","https://media.virtuoso.com/m/Images/Brochures/18102190_2_0_0316.jpg"
"404_BROKEN","thompson-san-antonio-riverwalk-united-states","Thompson San Antonio - Riverwalk","https://media.virtuoso.com/m/Images/Brochures/16253827_2_0_0307.jpg"
"404_BROKEN","thompson-savannah-united-states","Thompson Savannah","https://media.virtuoso.com/m/Images/Brochures/16594296_2_0_0310.jpg"
"404_BROKEN","thompson-zihuatanejo-mexico","Thompson Zihuatanejo","https://media.virtuoso.com/m/Images/Brochures/4380_2_0_0310.jpg"
"404_BROKEN","tierra-atacama-chile","Tierra Atacama","https://media.virtuoso.com/m/Images/Brochures/15394797_2_34_0305.jpg"
"404_BROKEN","tortuga-bay-puntacana-dominican-republic","Tortuga Bay Puntacana","https://media.virtuoso.com/m/Images/Brochures/4013_2_0_0306.jpg"
"404_BROKEN","twin-farms-united-states","Twin Farms","https://media.virtuoso.com/m/Images/Brochures/4468_2_0_0311.jpg"
"404_BROKEN","txai-resort-itacare-brazil","Txai Resort Itacare","https://media.virtuoso.com/m/Images/Brochures/15262377_2_0_0308.jpg"
"404_BROKEN","umaid-bhawan-palace-india","Umaid Bhawan Palace","https://media.virtuoso.com/m/Images/Brochures/3907_2_0_0304.jpg"
"404_BROKEN","upper-house-hong-kong-china","Upper House Hong Kong","https://media.virtuoso.com/m/Images/Brochures/4956677_2_0_0313.jpg"
"404_BROKEN","upper-house-shanghai-china","Upper House Shanghai","https://media.virtuoso.com/m/Images/Brochures/15694800_2_0_0223.jpg"
"404_BROKEN","vedema-a-luxury-collection-resort-santorini-greece","Vedema, a Luxury Collection Resort, Santorini","https://media.virtuoso.com/m/Images/Brochures/3919_2_0_0311.jpg"
"404_BROKEN","vermelho-melides-portugal","Vermelho Melides","https://media.virtuoso.com/m/Images/Brochures/18048740_2_0_0228.jpg"
"404_BROKEN","victoria-jungfrau-grand-hotel-spa-switzerland","VICTORIA-JUNGFRAU Grand Hotel & Spa","https://media.virtuoso.com/m/Images/Brochures/4440_2_0_0311.jpg"
"404_BROKEN","villa-dubrovnik-croatia","Villa Dubrovnik","https://media.virtuoso.com/m/Images/Brochures/6616859_2_0_0316.jpg"
"404_BROKEN","villa-e-palazzo-aminta-italy","Villa e Palazzo Aminta","https://media.virtuoso.com/m/Images/Brochures/3905_2_1_0313.jpg"
"404_BROKEN","villa-eden-the-private-retreat-italy","Villa Eden - The Private Retreat","https://media.virtuoso.com/m/Images/Brochures/16780967_2_0_0315.jpg"
"404_BROKEN","villa-franca-positano-italy","Villa Franca Positano","https://media.virtuoso.com/m/Images/Brochures/16369140_2_0_0312.jpg"
"404_BROKEN","villa-gallici-france","Villa Gallici","https://media.virtuoso.com/m/Images/Brochures/3914_2_0_0306.jpg"
"404_BROKEN","villa-igiea-a-rocco-forte-hotel-italy","Villa Igiea, a Rocco Forte Hotel","https://media.virtuoso.com/m/Images/Brochures/15974827_2_0_0307.jpg"
"404_BROKEN","villa-korta-katarina-croatia","Villa Korta Katarina","https://media.virtuoso.com/m/Images/Brochures/16218438_2_0_0303.jpg"
"404_BROKEN","villa-maria-cristina-mexico","Villa Maria Cristina","https://media.virtuoso.com/m/Images/Brochures/5782331_2_0_0313.jpg"
"404_BROKEN","villa-marina-capri-italy","Villa Marina Capri","https://media.virtuoso.com/m/Images/Brochures/18385788_2_0_0326.jpg"
"404_BROKEN","villa-nai-33-croatia","Villa Nai 3.3","https://media.virtuoso.com/m/Images/Brochures/16692338_2_0_0223.jpg"
"404_BROKEN","villa-principe-leopoldo-switzerland","Villa Principe Leopoldo","https://media.virtuoso.com/m/Images/Brochures/4491_2_0_0311.jpg"
"404_BROKEN","villa-roma-imperiale-italy","Villa Roma Imperiale","https://media.virtuoso.com/m/Images/Brochures/4421_2_2_0311.jpg"
"404_BROKEN","villa-santandrea-a-belmond-hotel-taormina-mare-italy","Villa Sant'Andrea, A Belmond Hotel, Taormina Mare","https://media.virtuoso.com/m/Images/Brochures/5735143_2_0_0308.jpg"
"404_BROKEN","w-algarve-portugal","W Algarve","https://media.virtuoso.com/m/Images/Brochures/16471276_2_93_0308.jpg"
"404_BROKEN","w-barcelona-spain","W Barcelona","https://media.virtuoso.com/m/Images/Brochures/10954284_2_0_0303.jpg"
"404_BROKEN","w-edinburgh-united-kingdom","W Edinburgh","https://media.virtuoso.com/m/Images/Brochures/18213232_2_0_0228.jpg"
"404_BROKEN","w-new-york-union-square-united-states","W New York - Union Square","https://media.virtuoso.com/m/Images/Brochures/4120_2_16_0304.jpg"
"404_BROKEN","wakaya-private-island-resort-fiji","Wakaya Private Island Resort","https://media.virtuoso.com/m/Images/Brochures/3893_2_0_0301.jpg"
"404_BROKEN","waldorf-astoria-orlando-united-states","Waldorf Astoria Orlando","https://media.virtuoso.com/m/Images/Brochures/4308536_2_0_0224.jpg"
"404_BROKEN","wharekauhau-country-estate-new-zealand","Wharekauhau Country Estate","https://media.virtuoso.com/m/Images/Brochures/4105_2_0_0311.jpg"
"404_BROKEN","widder-hotel-switzerland","Widder Hotel","https://media.virtuoso.com/m/Images/Brochures/3954_2_0_0306.jpg"
"404_BROKEN","wildflower-farms-auberge-collection-united-states","Wildflower Farms, Auberge Collection","https://media.virtuoso.com/m/Images/Brochures/16477758_2_0_0312.jpg"
"404_BROKEN","winvian-farm-united-states","Winvian Farm","https://media.virtuoso.com/m/Images/Brochures/955118_2_11_0312.jpg"
"404_BROKEN","zadn-los-cabos-a-ritz-carlton-reserve-mexico","Zadún Los Cabos, a Ritz-Carlton Reserve","https://media.virtuoso.com/m/Images/Brochures/15802913_2_0_0303.jpg"